-----------------------------
--  INSERT for WarenArt
-----------------------------
INSERT INTO WarenArt (WarenArtID,WarenArtName) VALUES (1,'Toilettenartikel');
INSERT INTO WarenArt (WarenArtID,WarenArtName) VALUES (2,'Zimmerartikel');
INSERT INTO WarenArt (WarenArtID,WarenArtName) VALUES (3, 'Waschraumartikel');
INSERT INTO WarenArt (WarenArtID,WarenArtName) VALUES (4,'Restaurantartikel');
INSERT INTO WarenArt (WarenArtID,WarenArtName) VALUES (5,'Ger?te');

-----------------------------
--  INSERT for Ware
-----------------------------
INSERT INTO Ware (WarenID,WarenName,Einzelpreis,WarenArtID) VALUES (1,'Zahnburste',2,1);
INSERT INTO Ware (WarenID,WarenName,Einzelpreis,WarenArtID) VALUES (2,'Duschtuch',10,1);
INSERT INTO Ware (WarenID,WarenName,Einzelpreis,WarenArtID) VALUES (3,'Seife',2,1);
INSERT INTO Ware (WarenID,WarenName,Einzelpreis,WarenArtID) VALUES (4,'Haarshampoo',3,1);
INSERT INTO Ware (WarenID,WarenName,Einzelpreis,WarenArtID) VALUES (5,'Waschmittel',20,3);
INSERT INTO Ware (WarenID,WarenName,Einzelpreis,WarenArtID) VALUES (6,'Weichsp?ler',20,3);
INSERT INTO Ware (WarenID,WarenName,Einzelpreis,WarenArtID) VALUES (7,'Papierkorb',10,2);
INSERT INTO Ware (WarenID,WarenName,Einzelpreis,WarenArtID) VALUES (8,'Serviette',30,4);
INSERT INTO Ware (WarenID,WarenName,Einzelpreis,WarenArtID) VALUES (9,'Toiletpaper',20,1);
INSERT INTO Ware (WarenID,WarenName,Einzelpreis,WarenArtID) VALUES (10,'F?n',20,5);
INSERT INTO Ware (WarenID,WarenName,EinzelPreis,WarenArtID) VALUES (11,'Lotion',1,1);
INSERT INTO Ware (WarenID,WarenName,Einzelpreis,WarenArtID) VALUES (12,'Duschhaube',1.5,1);
INSERT INTO Ware (WarenID,WarenName,Einzelpreis,WarenArtID) VALUES (13,'Rasierer',1,1);
INSERT INTO Ware (WarenID,WarenName,Einzelpreis,WarenArtID) VALUES (14,'Zahnpasta',0.5,1);
INSERT INTO Ware (WarenID,WarenName,Einzelpreis,WarenArtID) VALUES (15,'Kissen',10,2);
INSERT INTO Ware (WarenID,WarenName,Einzelpreis,WarenArtID) VALUES (16,'Bettwasche',30,2);
INSERT INTO Ware (WarenID,WarenName,Einzelpreis,WarenArtID) VALUES (17,'Decke',50,2);
INSERT INTO Ware (WarenID,WarenName,Einzelpreis,WarenArtID) VALUES (18,'Staubsauger',100,5);
INSERT INTO Ware (WarenID,WarenName,Einzelpreis,WarenArtID) VALUES (19,'Vorhang',30,2);
INSERT INTO Ware (WarenID,WarenName,Einzelpreis,WarenArtID) VALUES (20,'Tee',0.7,4);
INSERT INTO Ware (WarenID,WarenName,EinzelPreis,WarenArtID) VALUES (21,'Cafe',1.3,4);
INSERT INTO Ware (WarenID,WarenName,Einzelpreis,WarenArtID) VALUES (22,'Putzmittel',15,3);
INSERT INTO Ware (WarenID,WarenName,Einzelpreis,WarenArtID) VALUES (23,'Fernseher',100,5);
INSERT INTO Ware (WarenID,WarenName,Einzelpreis,WarenArtID) VALUES (24,'PapierBecher',1,4);
INSERT INTO Ware (WarenID,WarenName,Einzelpreis,WarenArtID) VALUES (25,'Wine',5,4);
INSERT INTO Ware (WarenID,WarenName,Einzelpreis,WarenArtID) VALUES (26,'Milch',2,4);
INSERT INTO Ware (WarenID,WarenName,Einzelpreis,WarenArtID) VALUES (27,'Coke',1,4);
INSERT INTO Ware (WarenID,WarenName,Einzelpreis,WarenArtID) VALUES (28,'Mineral Wasser',1,4);
INSERT INTO Ware (WarenID,WarenName,Einzelpreis,WarenArtID) VALUES (29,'Bier',0.9,4);
INSERT INTO Ware (WarenID,WarenName,Einzelpreis,WarenArtID) VALUES (30,'Radler',1,4);

-----------------------------
--  INSERT for Adresse
-----------------------------
INSERT INTO Adresse (AdressID,Strasse,HausNr,TuerNr,PLZ,Ort,Land) VALUES (1,'Ap #641-7526 Pellentesque Ave',29,8,'008132','Nasino','Gibraltar');
INSERT INTO Adresse (AdressID,Strasse,HausNr,TuerNr,PLZ,Ort,Land) VALUES (2,'P.O. Box 411, 4760 Tellus. Ave',57,5,'3263','Laives/Leifers','Gambia');
INSERT INTO Adresse (AdressID,Strasse,HausNr,TuerNr,PLZ,Ort,Land) VALUES (3,'5746 Purus Rd.',39,7,'9776','Utrecht','Estonia');
INSERT INTO Adresse (AdressID,Strasse,HausNr,TuerNr,PLZ,Ort,Land) VALUES (4,'Ap #271-5968 Ut, Ave',32,6,'9865','Canino','American Samoa');
INSERT INTO Adresse (AdressID,Strasse,HausNr,TuerNr,PLZ,Ort,Land) VALUES (5,'P.O. Box 676, 8145 Luctus, Av.',95,4,'6606','Alings?s','Libya');
INSERT INTO Adresse (AdressID,Strasse,HausNr,TuerNr,PLZ,Ort,Land) VALUES (6,'P.O. Box 194, 8180 Malesuada Av.',3,4,'09484','Mersin','United Arab Emirates');
INSERT INTO Adresse (AdressID,Strasse,HausNr,TuerNr,PLZ,Ort,Land) VALUES (7,'Ap #155-2664 Lacus. Ave',33,10,'55500','Huacho','?land Islands');
INSERT INTO Adresse (AdressID,Strasse,HausNr,TuerNr,PLZ,Ort,Land) VALUES (8,'579-4772 Nec, St.',22,8,'30328','Paradise','French Polynesia');
INSERT INTO Adresse (AdressID,Strasse,HausNr,TuerNr,PLZ,Ort,Land) VALUES (9,'Ap #480-3527 Maecenas Street',5,2,'11212','Mattersburg','Serbia');
INSERT INTO Adresse (AdressID,Strasse,HausNr,TuerNr,PLZ,Ort,Land) VALUES (10,'715-8800 Mauris. St.',7,3,'54908','Vehari','Gambia');
INSERT INTO Adresse (AdressID,Strasse,HausNr,TuerNr,PLZ,Ort,Land) VALUES (11,'9952 Arcu. St.',64,9,'69007','Zeya','Israel');
INSERT INTO Adresse (AdressID,Strasse,HausNr,TuerNr,PLZ,Ort,Land) VALUES (12,'P.O. Box 734, 3093 Nulla Avenue',47,6,'60033208','Castellafiume','Benin');
INSERT INTO Adresse (AdressID,Strasse,HausNr,TuerNr,PLZ,Ort,Land) VALUES (13,'Ap #320-7134 Vel, Street',66,8,'99916481','Kitimat','Eritrea');
INSERT INTO Adresse (AdressID,Strasse,HausNr,TuerNr,PLZ,Ort,Land) VALUES (14,'P.O. Box 228, 7185 Fermentum Rd.',94,3,'06710','Santarcangelo di Romagna','Denmark');
INSERT INTO Adresse (AdressID,Strasse,HausNr,TuerNr,PLZ,Ort,Land) VALUES (15,'1553 Tristique Avenue',58,10,'2048','San Giorgio Albanese','Philippines');
INSERT INTO Adresse (AdressID,Strasse,HausNr,TuerNr,PLZ,Ort,Land) VALUES (16,'7583 Vulputate Ave',8,3,'66568','Ancaster Town','Sint Maarten');
INSERT INTO Adresse (AdressID,Strasse,HausNr,TuerNr,PLZ,Ort,Land) VALUES (17,'3517 Cras Rd.',15,1,'894589','Ergani','Panama');
INSERT INTO Adresse (AdressID,Strasse,HausNr,TuerNr,PLZ,Ort,Land) VALUES (18,'P.O. Box 103, 2547 Justo Street',54,7,'2394238457','Panipat','Saint Kitts and Nevis');
INSERT INTO Adresse (AdressID,Strasse,HausNr,TuerNr,PLZ,Ort,Land) VALUES (19,'7992 Ipsum Avenue',29,9,'5578','Spruce Grove','Gabon');
INSERT INTO Adresse (AdressID,Strasse,HausNr,TuerNr,PLZ,Ort,Land) VALUES (20,'5893 Quis Avenue',38,3,'74739','Lleida','Uzbekistan');
INSERT INTO Adresse (AdressID,Strasse,HausNr,TuerNr,PLZ,Ort,Land) VALUES (21,'9429 Dui St.',85,3,'354412','B?ziers','Algeria');
INSERT INTO Adresse (AdressID,Strasse,HausNr,TuerNr,PLZ,Ort,Land) VALUES (22,'Ap #960-6868 Quisque St.',94,8,'07633','Recanati','Namibia');
INSERT INTO Adresse (AdressID,Strasse,HausNr,TuerNr,PLZ,Ort,Land) VALUES (23,'P.O. Box 630, 1747 Parturient St.',31,10,'550861','Baltasound','Hungary');
INSERT INTO Adresse (AdressID,Strasse,HausNr,TuerNr,PLZ,Ort,Land) VALUES (24,'Ap #470-3684 Dui. St.',28,2,'797465','Straubing','Luxembourg');
INSERT INTO Adresse (AdressID,Strasse,HausNr,TuerNr,PLZ,Ort,Land) VALUES (25,'Ap #291-5074 Penatibus Av.',57,10,'16711263','Silius','Viet Nam');
INSERT INTO Adresse (AdressID,Strasse,HausNr,TuerNr,PLZ,Ort,Land) VALUES (26,'119-3352 Risus Street',30,7,'6725','Medell?n','Argentina');
INSERT INTO Adresse (AdressID,Strasse,HausNr,TuerNr,PLZ,Ort,Land) VALUES (27,'P.O. Box 948, 5383 Proin Avenue',40,6,'367166','Racine','New Caledonia');
INSERT INTO Adresse (AdressID,Strasse,HausNr,TuerNr,PLZ,Ort,Land) VALUES (28,'208-2234 Nec Avenue',4,8,'31566','Brixton','Japan');
INSERT INTO Adresse (AdressID,Strasse,HausNr,TuerNr,PLZ,Ort,Land) VALUES (29,'391-4100 Eget Rd.',12,3,'400400','Dannevirke','Guernsey');
INSERT INTO Adresse (AdressID,Strasse,HausNr,TuerNr,PLZ,Ort,Land) VALUES (30,'Ap #124-3208 Justo. Street',31,8,'71184','Montague','Mauritius');

-----------------------------
--  INSERT for service
-----------------------------
INSERT INTO Service (ServiceID,Beschreibung,Einzelpreis) VALUES (1,'Fruehstueck im Bett',15);
INSERT INTO Service (ServiceID,Beschreibung,Einzelpreis) VALUES (2,'Waesche',7);
INSERT INTO Service (ServiceID,Beschreibung,Einzelpreis) VALUES (3,'Spa',50);
INSERT INTO Service (ServiceID,Beschreibung,Einzelpreis) VALUES (4,'Auto Mieten',20);
INSERT INTO Service (ServiceID,Beschreibung,Einzelpreis) VALUES (5,'Blumenarrangement',40);
INSERT INTO Service (ServiceID,Beschreibung,Einzelpreis) VALUES (6,'B?gelservice',5);
INSERT INTO Service (ServiceID,Beschreibung,Einzelpreis) VALUES (7,'Mail-Dienste',5);
INSERT INTO Service (ServiceID,Beschreibung,Einzelpreis) VALUES (8,'Masssagen',30);
INSERT INTO Service (ServiceID,Beschreibung,Einzelpreis) VALUES (9,'Schuhputzservice',10);
INSERT INTO Service (ServiceID,Beschreibung,Einzelpreis) VALUES (10,'Ticketservice',3);
INSERT INTO Service (ServiceID,Beschreibung,Einzelpreis) VALUES (11,'Ausflug und F?hrungen',150);
INSERT INTO Service (ServiceID,Beschreibung,Einzelpreis) VALUES (12,'Flughafen Abholen',50);
INSERT INTO Service (ServiceID,Beschreibung,Einzelpreis) VALUES (13,'Limousinenservice mit Transfer und Chauffeur',3);
INSERT INTO Service (ServiceID,Beschreibung,Einzelpreis) VALUES (14,'Kurier',3);
INSERT INTO Service (ServiceID,Beschreibung,Einzelpreis) VALUES (15,'Trocken Reinigung',10);

-----------------------------
--  INSERT for Zimmer
-----------------------------
INSERT INTO Zimmer (ZimmerNr,ZimmerArt,Einzelpreis) VALUES (1,'Single',50);
INSERT INTO Zimmer (ZimmerNr,ZimmerArt,Einzelpreis) VALUES (2,'Double',98);
INSERT INTO Zimmer (ZimmerNr,ZimmerArt,Einzelpreis) VALUES (3,'Double',98);
INSERT INTO Zimmer (ZimmerNr,ZimmerArt,Einzelpreis) VALUES (4,'Double',98);
INSERT INTO Zimmer (ZimmerNr,ZimmerArt,Einzelpreis) VALUES (5,'Double',98);
INSERT INTO Zimmer (ZimmerNr,ZimmerArt,Einzelpreis) VALUES (6,'Triple',140);
INSERT INTO Zimmer (ZimmerNr,ZimmerArt,Einzelpreis) VALUES (7,'Triple',140);
INSERT INTO Zimmer (ZimmerNr,ZimmerArt,Einzelpreis) VALUES (8,'Triple',140);
INSERT INTO Zimmer (ZimmerNr,ZimmerArt,Einzelpreis) VALUES (9,'Quad',180);
INSERT INTO Zimmer (ZimmerNr,ZimmerArt,Einzelpreis) VALUES (10,'Queen',350);
INSERT INTO Zimmer (ZimmerNr,ZimmerArt,Einzelpreis) VALUES (11,'Queen',350);
INSERT INTO Zimmer (ZimmerNr,ZimmerArt,Einzelpreis) VALUES (12,'Double',98);
INSERT INTO Zimmer (ZimmerNr,ZimmerArt,Einzelpreis) VALUES (13,'King',450);
INSERT INTO Zimmer (ZimmerNr,ZimmerArt,Einzelpreis) VALUES (14,'King',450);
INSERT INTO Zimmer (ZimmerNr,ZimmerArt,Einzelpreis) VALUES (15,'Single',50);
INSERT INTO Zimmer (ZimmerNr,ZimmerArt,Einzelpreis) VALUES (16,'Single',50);
INSERT INTO Zimmer (ZimmerNr,ZimmerArt,Einzelpreis) VALUES (17,'Single',50);
INSERT INTO Zimmer (ZimmerNr,ZimmerArt,Einzelpreis) VALUES (18,'Quad',180);
INSERT INTO Zimmer (ZimmerNr,ZimmerArt,Einzelpreis) VALUES (19,'King',450);
INSERT INTO Zimmer (ZimmerNr,ZimmerArt,Einzelpreis) VALUES (20,'Quad',180);
INSERT INTO Zimmer (ZimmerNr,ZimmerArt,Einzelpreis) VALUES (21,'Single',50);
INSERT INTO Zimmer (ZimmerNr,ZimmerArt,Einzelpreis) VALUES (22,'Double',98);
INSERT INTO Zimmer (ZimmerNr,ZimmerArt,Einzelpreis) VALUES (23,'Double',98);
INSERT INTO Zimmer (ZimmerNr,ZimmerArt,Einzelpreis) VALUES (24,'Double',98);
INSERT INTO Zimmer (ZimmerNr,ZimmerArt,Einzelpreis) VALUES (25,'Double',98);
INSERT INTO Zimmer (ZimmerNr,ZimmerArt,Einzelpreis) VALUES (26,'Triple',140);
INSERT INTO Zimmer (ZimmerNr,ZimmerArt,Einzelpreis) VALUES (27,'Triple',140);
INSERT INTO Zimmer (ZimmerNr,ZimmerArt,Einzelpreis) VALUES (28,'Triple',140);
INSERT INTO Zimmer (ZimmerNr,ZimmerArt,Einzelpreis) VALUES (29,'Quad',180);
INSERT INTO Zimmer (ZimmerNr,ZimmerArt,Einzelpreis) VALUES (30,'Queen',350);

select * from Zimmer;



-----------------------------
--  INSERT for Land
-----------------------------
INSERT INTO Land (LANDID, KENNZEICHEN, LANDNAME) VALUES (1,'AR','Argentina');
INSERT INTO Land (LANDID, KENNZEICHEN, LANDNAME) VALUES (2,'AT','Austria');
INSERT INTO Land (LANDID, KENNZEICHEN, LANDNAME) VALUES (3,'BE','Belgium');
INSERT INTO Land (LANDID, KENNZEICHEN, LANDNAME) VALUES (4,'BR','Brazil');
INSERT INTO Land (LANDID, KENNZEICHEN, LANDNAME) VALUES (5,'CA','Canada');
INSERT INTO Land (LANDID, KENNZEICHEN, LANDNAME) VALUES (6,'CN','China');
INSERT INTO Land (LANDID, KENNZEICHEN, LANDNAME) VALUES (7,'DK','Denmark');
INSERT INTO Land (LANDID, KENNZEICHEN, LANDNAME) VALUES (8,'EG','Egypt');
INSERT INTO Land (LANDID, KENNZEICHEN, LANDNAME) VALUES (9,'FI','Finland');
INSERT INTO Land (LANDID, KENNZEICHEN, LANDNAME) VALUES (10,'FR','France');
INSERT INTO Land (LANDID, KENNZEICHEN, LANDNAME) VALUES (11,'DE','Germany');
INSERT INTO Land (LANDID, KENNZEICHEN, LANDNAME) VALUES (12,'GR','Greece');
INSERT INTO Land (LANDID, KENNZEICHEN, LANDNAME) VALUES (13,'HK','Hong Kong');
INSERT INTO Land (LANDID, KENNZEICHEN, LANDNAME) VALUES (14,'HU','Hungary');
INSERT INTO Land (LANDID, KENNZEICHEN, LANDNAME) VALUES (15,'IS','Iceland');
INSERT INTO Land (LANDID, KENNZEICHEN, LANDNAME) VALUES (16,'IN','India');
INSERT INTO Land (LANDID, KENNZEICHEN, LANDNAME) VALUES (17,'IR','Iran');
INSERT INTO Land (LANDID, KENNZEICHEN, LANDNAME) VALUES (18,'IE','Ireland');
INSERT INTO Land (LANDID, KENNZEICHEN, LANDNAME) VALUES (19,'IT','Italy');
INSERT INTO Land (LANDID, KENNZEICHEN, LANDNAME) VALUES (20,'JP','Japan');
INSERT INTO Land (LANDID, KENNZEICHEN, LANDNAME) VALUES (21,'KR','Korea');
INSERT INTO Land (LANDID, KENNZEICHEN, LANDNAME) VALUES (22,'LU','Luxemburg');
INSERT INTO Land (LANDID, KENNZEICHEN, LANDNAME) VALUES (23,'MO','Macao');
INSERT INTO Land (LANDID, KENNZEICHEN, LANDNAME) VALUES (24,'MY','Malaysia');
INSERT INTO Land (LANDID, KENNZEICHEN, LANDNAME) VALUES (25,'MT','Malta');
INSERT INTO Land (LANDID, KENNZEICHEN, LANDNAME) VALUES (26,'MX','Mexico');
INSERT INTO Land (LANDID, KENNZEICHEN, LANDNAME) VALUES (27,'MN','Mongolia');
INSERT INTO Land (LANDID, KENNZEICHEN, LANDNAME) VALUES (28,'MA','Morocco');
INSERT INTO Land (LANDID, KENNZEICHEN, LANDNAME) VALUES (29,'NL','Netherlands');
INSERT INTO Land (LANDID, KENNZEICHEN, LANDNAME) VALUES (30,'NZ','New Zealand');
INSERT INTO Land (LANDID, KENNZEICHEN, LANDNAME) VALUES (31,'NO','Norway');
INSERT INTO Land (LANDID, KENNZEICHEN, LANDNAME) VALUES (32,'PL','Poland');
INSERT INTO Land (LANDID, KENNZEICHEN, LANDNAME) VALUES (33,'PT','Portugal');
INSERT INTO Land (LANDID, KENNZEICHEN, LANDNAME) VALUES (34,'RO','Romania');
INSERT INTO Land (LANDID, KENNZEICHEN, LANDNAME) VALUES (35,'SG','Singapore');
INSERT INTO Land (LANDID, KENNZEICHEN, LANDNAME) VALUES (36,'SK','Slovakia');
INSERT INTO Land (LANDID, KENNZEICHEN, LANDNAME) VALUES (37,'SI','Slovenia');
INSERT INTO Land (LANDID, KENNZEICHEN, LANDNAME) VALUES (38,'ZA','South Africa');
INSERT INTO Land (LANDID, KENNZEICHEN, LANDNAME) VALUES (39,'ES','Spain');
INSERT INTO Land (LANDID, KENNZEICHEN, LANDNAME) VALUES (40,'SE','Sweden');
INSERT INTO Land (LANDID, KENNZEICHEN, LANDNAME) VALUES (41,'CH','Switzerland');
INSERT INTO Land (LANDID, KENNZEICHEN, LANDNAME) VALUES (42,'TW','Taiwan');
INSERT INTO Land (LANDID, KENNZEICHEN, LANDNAME) VALUES (43,'US','United States of America');
INSERT INTO Land (LANDID, KENNZEICHEN, LANDNAME) VALUES (44,'VN','Viet Nam');

-----------------------------
--  INSERT for Reisepass
-----------------------------
INSERT INTO Reisepass (REISEPASSID, LANDID) VALUES ('AAB183297',1);
INSERT INTO Reisepass (REISEPASSID, LANDID) VALUES ('AAC811035',1);
INSERT INTO Reisepass (REISEPASSID, LANDID) VALUES ('P4366918',2);
INSERT INTO Reisepass (REISEPASSID, LANDID) VALUES ('X9011980',2);
INSERT INTO Reisepass (REISEPASSID, LANDID) VALUES ('G62292599',6);
INSERT INTO Reisepass (REISEPASSID, LANDID) VALUES ('E59221789',6);
INSERT INTO Reisepass (REISEPASSID, LANDID) VALUES ('K9180748',16);
INSERT INTO Reisepass (REISEPASSID, LANDID) VALUES ('J8369854',16);
INSERT INTO Reisepass (REISEPASSID, LANDID) VALUES ('G8635244',16);
INSERT INTO Reisepass (REISEPASSID, LANDID) VALUES ('B6001598',44);
INSERT INTO Reisepass (REISEPASSID, LANDID) VALUES ('V1263473',43);
INSERT INTO Reisepass (REISEPASSID, LANDID) VALUES ('US292910',42);
INSERT INTO Reisepass (REISEPASSID, LANDID) VALUES ('US292912',42);
INSERT INTO Reisepass (REISEPASSID, LANDID) VALUES ('US292914',43);
INSERT INTO Reisepass (REISEPASSID, LANDID) VALUES ('US292915',25);
INSERT INTO Reisepass (REISEPASSID, LANDID) VALUES ('US292918',8);
INSERT INTO Reisepass (REISEPASSID, LANDID) VALUES ('T7391018',4);
INSERT INTO Reisepass (REISEPASSID, LANDID) VALUES ('T7391019',33);
INSERT INTO Reisepass (REISEPASSID, LANDID) VALUES ('T7300000',30);
INSERT INTO Reisepass (REISEPASSID, LANDID) VALUES ('F5300560',11);
INSERT INTO Reisepass (REISEPASSID, LANDID) VALUES ('F2300200',11);


-----------------------------
--  INSERT for Gehaltsstufe
-----------------------------
INSERT INTO Gehaltsstufe (GEHALTSSTUFEID, MONATSGEHALT) VALUES (10,142375/100);
INSERT INTO Gehaltsstufe (GEHALTSSTUFEID, MONATSGEHALT) VALUES (11,152387/100);
INSERT INTO Gehaltsstufe (GEHALTSSTUFEID, MONATSGEHALT) VALUES (12,162323/100);
INSERT INTO Gehaltsstufe (GEHALTSSTUFEID, MONATSGEHALT) VALUES (13,179210/100);
INSERT INTO Gehaltsstufe (GEHALTSSTUFEID, MONATSGEHALT) VALUES (14,189951/100);
INSERT INTO Gehaltsstufe (GEHALTSSTUFEID, MONATSGEHALT) VALUES (15,197392/100);
INSERT INTO Gehaltsstufe (GEHALTSSTUFEID, MONATSGEHALT) VALUES (16,200000/100);
INSERT INTO Gehaltsstufe (GEHALTSSTUFEID, MONATSGEHALT) VALUES (17,220000/100);
INSERT INTO Gehaltsstufe (GEHALTSSTUFEID, MONATSGEHALT) VALUES (18,246005/100);
INSERT INTO Gehaltsstufe (GEHALTSSTUFEID, MONATSGEHALT) VALUES (19,272121/100);
INSERT INTO Gehaltsstufe (GEHALTSSTUFEID, MONATSGEHALT) VALUES (20,284588/100);
INSERT INTO Gehaltsstufe (GEHALTSSTUFEID, MONATSGEHALT) VALUES (21,322112/100);
INSERT INTO Gehaltsstufe (GEHALTSSTUFEID, MONATSGEHALT) VALUES (22,372132/100);
INSERT INTO Gehaltsstufe (GEHALTSSTUFEID, MONATSGEHALT) VALUES (23,392198/100);

-----------------------------
--  INSERT for Abteilung
-----------------------------
INSERT INTO Abteilung (ABTEILUNGSID, BESCHREIBUNG) VALUES (101,'Einkauf');
INSERT INTO Abteilung (ABTEILUNGSID, BESCHREIBUNG) VALUES (102,'Empfang');
INSERT INTO Abteilung (ABTEILUNGSID, BESCHREIBUNG) VALUES (103,'Marketing');
INSERT INTO Abteilung (ABTEILUNGSID, BESCHREIBUNG) VALUES (104,'Personal');
INSERT INTO Abteilung (ABTEILUNGSID, BESCHREIBUNG) VALUES (105,'Housekeeping');
INSERT INTO Abteilung (ABTEILUNGSID, BESCHREIBUNG) VALUES (106,'Küche');



-----------------------------
--  INSERT for Person
-----------------------------

INSERT INTO Person (PERSONID, VORNAME, NACHNAME, SVN, GEBURTSDATUM, ADRESSID) VALUES (1,'Ivo','Ottaro',7329011294,to_date('01.12.1994','DD.MM.YYYY'),3);
INSERT INTO Person (PERSONID, VORNAME, NACHNAME, SVN, GEBURTSDATUM, ADRESSID) VALUES (2,'Hoa','Blitza',2342234567,to_date('12.12.1989','DD.MM.YYYY'),8);
INSERT INTO Person (PERSONID, VORNAME, NACHNAME, SVN, GEBURTSDATUM, ADRESSID) VALUES (3,'Satveer','Digda',3425345678,to_date('03.01.1992','DD.MM.YYYY'),9);
INSERT INTO Person (PERSONID, VORNAME, NACHNAME, SVN, GEBURTSDATUM, ADRESSID) VALUES (4,'Meishen','Kapador',3499456789,to_date('23.06.1989','DD.MM.YYYY'),20);
INSERT INTO Person (PERSONID, VORNAME, NACHNAME, SVN, GEBURTSDATUM, ADRESSID) VALUES (5,'Christian','Gapados',8957567890,to_date('24.06.1987','DD.MM.YYYY'),12);
INSERT INTO Person (PERSONID, VORNAME, NACHNAME, SVN, GEBURTSDATUM, ADRESSID) VALUES (6,'Sebastian','Paul',4785123456,to_date('23.03.1976','DD.MM.YYYY'),13);
INSERT INTO Person (PERSONID, VORNAME, NACHNAME, SVN, GEBURTSDATUM, ADRESSID) VALUES (7,'Luka','Knofen',4375345678,to_date('03.02.1996','DD.MM.YYYY'),4);
INSERT INTO Person (PERSONID, VORNAME, NACHNAME, SVN, GEBURTSDATUM, ADRESSID) VALUES (8,'Shagha','Relaxo',5698235212,to_date('11.04.1988','DD.MM.YYYY'),5);
INSERT INTO Person (PERSONID, VORNAME, NACHNAME, SVN, GEBURTSDATUM, ADRESSID) VALUES (9,'Arti','Goldini',3485234109,to_date('03.12.1998','DD.MM.YYYY'),7);
INSERT INTO Person (PERSONID, VORNAME, NACHNAME, SVN, GEBURTSDATUM, ADRESSID) VALUES (10,'Michael','Flegmon',5768121212,to_date('08.06.1972','DD.MM.YYYY'),6);
INSERT INTO Person (PERSONID, VORNAME, NACHNAME, SVN, GEBURTSDATUM, ADRESSID) VALUES (11,'Elijas','Pummeluff',4758304302,to_date('10.09.1993','DD.MM.YYYY'),1);
INSERT INTO Person (PERSONID, VORNAME, NACHNAME, SVN, GEBURTSDATUM, ADRESSID) VALUES (12,'Thobias','Glazio',8479011011,to_date('02.10.1992','DD.MM.YYYY'),2);
INSERT INTO Person (PERSONID, VORNAME, NACHNAME, SVN, GEBURTSDATUM, ADRESSID) VALUES (13,'Thomas','Evoli',8475120901,to_date('01.05.1969','DD.MM.YYYY'),10);
INSERT INTO Person (PERSONID, VORNAME, NACHNAME, SVN, GEBURTSDATUM, ADRESSID) VALUES (14,'Katja','Ditto',8435010101,to_date('02.08.1991','DD.MM.YYYY'),11);
INSERT INTO Person (PERSONID, VORNAME, NACHNAME, SVN, GEBURTSDATUM, ADRESSID) VALUES (15,'Nicolaus','Bryan',8435010101,to_date('02.08.1991','DD.MM.YYYY'),11);
INSERT INTO Person (PERSONID, VORNAME, NACHNAME, SVN, GEBURTSDATUM, ADRESSID) VALUES (16,'Faisal','Katona',8435010101,to_date('02.08.1991','DD.MM.YYYY'),11);
INSERT INTO Person (PERSONID, VORNAME, NACHNAME, SVN, GEBURTSDATUM, ADRESSID) VALUES (17,'Iepthae','Nelissen',8435010101,to_date('02.08.1991','DD.MM.YYYY'),11);
INSERT INTO Person (PERSONID, VORNAME, NACHNAME, SVN, GEBURTSDATUM, ADRESSID) VALUES (18,'Lionel','Messi',8435010101,to_date('02.08.1991','DD.MM.YYYY'),11);
INSERT INTO Person (PERSONID, VORNAME, NACHNAME, SVN, GEBURTSDATUM, ADRESSID) VALUES (19,'Sergio','Aguero',8435010101,to_date('02.08.1991','DD.MM.YYYY'),11);
INSERT INTO Person (PERSONID, VORNAME, NACHNAME, SVN, GEBURTSDATUM, ADRESSID) VALUES (20,'Lewis','Hamilton',8435010101,to_date('02.08.1991','DD.MM.YYYY'),11);
INSERT INTO Person (PERSONID, VORNAME, NACHNAME, SVN, GEBURTSDATUM, ADRESSID) VALUES (22,'Alexander','Hamilton',8435010101,to_date('02.08.1991','DD.MM.YYYY'),11);
INSERT INTO Person (PERSONID, VORNAME, NACHNAME, SVN, GEBURTSDATUM, ADRESSID) VALUES (23,'Valteri','Bottas',8435010101,to_date('02.08.1991','DD.MM.YYYY'),11);
INSERT INTO Person (PERSONID, VORNAME, NACHNAME, SVN, GEBURTSDATUM, ADRESSID) VALUES (24,'Sebastian','Vettel',8435010101,to_date('02.08.1991','DD.MM.YYYY'),11);
INSERT INTO Person (PERSONID, VORNAME, NACHNAME, SVN, GEBURTSDATUM, ADRESSID) VALUES (25,'Kobe','Bryant',8435010101,to_date('02.08.1991','DD.MM.YYYY'),11);
INSERT INTO Person (PERSONID, VORNAME, NACHNAME, SVN, GEBURTSDATUM, ADRESSID) VALUES (26,'LeBron','James',8435010101,to_date('02.08.1991','DD.MM.YYYY'),11);
INSERT INTO Person (PERSONID, VORNAME, NACHNAME, SVN, GEBURTSDATUM, ADRESSID) VALUES (27,'George','Lucas',8435010101,to_date('02.08.1991','DD.MM.YYYY'),11);
INSERT INTO Person (PERSONID, VORNAME, NACHNAME, SVN, GEBURTSDATUM, ADRESSID) VALUES (28,'Giannis','Antetokoumpo',8435010101,to_date('02.08.1991','DD.MM.YYYY'),11);
INSERT INTO Person (PERSONID, VORNAME, NACHNAME, SVN, GEBURTSDATUM, ADRESSID) VALUES (29,'Carlos','Sainz',8435010101,to_date('02.08.1991','DD.MM.YYYY'),11);
INSERT INTO Person (PERSONID, VORNAME, NACHNAME, SVN, GEBURTSDATUM, ADRESSID) VALUES (30,'Lance','Skiiwalker',8435010101,to_date('02.08.1991','DD.MM.YYYY'),11);
INSERT INTO Person (PERSONID, VORNAME, NACHNAME, SVN, GEBURTSDATUM, ADRESSID) VALUES (31,'Kendrick','Lamar',8435010101,to_date('02.08.1991','DD.MM.YYYY'),11);
INSERT INTO Person (PERSONID, VORNAME, NACHNAME, SVN, GEBURTSDATUM, ADRESSID) VALUES (32,'Frank','Ocean',8435010101,to_date('02.08.1991','DD.MM.YYYY'),11);
INSERT INTO Person (PERSONID, VORNAME, NACHNAME, SVN, GEBURTSDATUM, ADRESSID) VALUES (33,'Jermaine','Cole',8435010101,to_date('02.08.1991','DD.MM.YYYY'),11);
INSERT INTO Person (PERSONID, VORNAME, NACHNAME, SVN, GEBURTSDATUM, ADRESSID) VALUES (34,'Jabbari','Al-Amin',8435010101,to_date('02.08.1991','DD.MM.YYYY'),11);



-----------------------------
--  INSERT for Bankinformation
-----------------------------
INSERT INTO Bankinformation (KONTOID, KONTONR, IBAN, BANKNAME, ADRESSID) VALUES (500, 630000000000000,'AT000000000000000000','Erste Bank',22);
INSERT INTO Bankinformation (KONTOID, KONTONR, IBAN, BANKNAME, ADRESSID) VALUES (501, 633522819237634,'AT071234123412341234','Erste Bank',22);
INSERT INTO Bankinformation (KONTOID, KONTONR, IBAN, BANKNAME, ADRESSID) VALUES (502, 633457919237634,'AT071234123412343842','Erste Bank',22);
INSERT INTO Bankinformation (KONTOID, KONTONR, IBAN, BANKNAME, ADRESSID) VALUES (503, 634579329340094,'AT071234123234238972','Erste Bank',22);
INSERT INTO Bankinformation (KONTOID, KONTONR, IBAN, BANKNAME, ADRESSID) VALUES (504, 633537498232131,'AT071232323234238972','Bank of Austria',23);
INSERT INTO Bankinformation (KONTOID, KONTONR, IBAN, BANKNAME, ADRESSID) VALUES (505, 633594758786212,'AT071235653234238972','Bank of Austria',23);
INSERT INTO Bankinformation (KONTOID, KONTONR, IBAN, BANKNAME, ADRESSID) VALUES (506, 633529347927231,'AT071275651232342389','Bank of Austria',23);
INSERT INTO Bankinformation (KONTOID, KONTONR, IBAN, BANKNAME, ADRESSID) VALUES (507, 633537498232139,'AT942060464453795139','Raiffeisenbank',24);
INSERT INTO Bankinformation (KONTOID, KONTONR, IBAN, BANKNAME, ADRESSID) VALUES (508, 633594758786218,'AT183621833298369432','Raiffeisenbank',24);
INSERT INTO Bankinformation (KONTOID, KONTONR, IBAN, BANKNAME, ADRESSID) VALUES (509, 633529347927237,'AT496616397537985356','Raiffeisenbank',24);
INSERT INTO Bankinformation (KONTOID, KONTONR, IBAN, BANKNAME, ADRESSID) VALUES (510, 633537498232136,'AT231400079756393461','Raiffeisenbank',24);
INSERT INTO Bankinformation (KONTOID, KONTONR, IBAN, BANKNAME, ADRESSID) VALUES (511, 633594758786215,'AT923621828694129337','Raiffeisenbank',24);
INSERT INTO Bankinformation (KONTOID, KONTONR, IBAN, BANKNAME, ADRESSID) VALUES (512, 633529347927000,'AT922250046562944578','Raiffeisenbank',24);
INSERT INTO Bankinformation (KONTOID, KONTONR, IBAN, BANKNAME, ADRESSID) VALUES (513, 633529300000000,'ES120081792395134463','BBVA',22);
INSERT INTO Bankinformation (KONTOID, KONTONR, IBAN, BANKNAME, ADRESSID) VALUES (514, 633529347927001,'ES120081792395134464','BBVA',22);
INSERT INTO Bankinformation (KONTOID, KONTONR, IBAN, BANKNAME, ADRESSID) VALUES (515, 633529347927002,'BE28456811481920','BNP Paribas',20);
INSERT INTO Bankinformation (KONTOID, KONTONR, IBAN, BANKNAME, ADRESSID) VALUES (516, 633529347927003,'BE28456811481926','BNP Paribas',20);
INSERT INTO Bankinformation (KONTOID, KONTONR, IBAN, BANKNAME, ADRESSID) VALUES (517, 633529347927004,'EG464992275741144579','National Bank of Egypt',25);
INSERT INTO Bankinformation (KONTOID, KONTONR, IBAN, BANKNAME, ADRESSID) VALUES (518, 633529347927005,'EG464992275741144590','National Bank of Egypt',25);
INSERT INTO Bankinformation (KONTOID, KONTONR, IBAN, BANKNAME, ADRESSID) VALUES (519, 633529347927006,'EG464992275741144591','National Bank of Egypt',25);
INSERT INTO Bankinformation (KONTOID, KONTONR, IBAN, BANKNAME, ADRESSID) VALUES (520, 633529347927007,'DK6950517575562648','Danske Bank',26);
INSERT INTO Bankinformation (KONTOID, KONTONR, IBAN, BANKNAME, ADRESSID) VALUES (521, 633529347927008,'DK6950517575562649','Danske Bank',26);
INSERT INTO Bankinformation (KONTOID, KONTONR, IBAN, BANKNAME, ADRESSID) VALUES (522, 633529347927009,'DK6950517575562650','Danske Bank',26);
INSERT INTO Bankinformation (KONTOID, KONTONR, IBAN, BANKNAME, ADRESSID) VALUES (523, 633529347927010,'DK6950517575562651','Danske Bank',26);
INSERT INTO Bankinformation (KONTOID, KONTONR, IBAN, BANKNAME, ADRESSID) VALUES (524, 633529347927011,'GR060103811671257','Piraeus Bank',26);
INSERT INTO Bankinformation (KONTOID, KONTONR, IBAN, BANKNAME, ADRESSID) VALUES (525, 633529347927012,'IE05BOFI900017457675','Irish Bank',11);
INSERT INTO Bankinformation (KONTOID, KONTONR, IBAN, BANKNAME, ADRESSID) VALUES (526, 633529347927013,'SE716559657373756436','SEB Bank',12);
INSERT INTO Bankinformation (KONTOID, KONTONR, IBAN, BANKNAME, ADRESSID) VALUES (527, 633529347927014,'SE716559657373756400','Nordea Bank',21);
INSERT INTO Bankinformation (KONTOID, KONTONR, IBAN, BANKNAME, ADRESSID) VALUES (528, 633529347927015,'SE416559657373756400','Nordea Bank',21);
INSERT INTO Bankinformation (KONTOID, KONTONR, IBAN, BANKNAME, ADRESSID) VALUES (529, 633529347927016,'SE516559657373756400','Nordea Bank',21);
INSERT INTO Bankinformation (KONTOID, KONTONR, IBAN, BANKNAME, ADRESSID) VALUES (530, 633529347927017,'SE616559657373756400','Nordea Bank',21);
INSERT INTO Bankinformation (KONTOID, KONTONR, IBAN, BANKNAME, ADRESSID) VALUES (531, 733529347927017,'PL041090240299793854','PolskaBank',19);
INSERT INTO Bankinformation (KONTOID, KONTONR, IBAN, BANKNAME, ADRESSID) VALUES (532, 833529347927017,'PL041090240299793855','PolskaBank',19);
INSERT INTO Bankinformation (KONTOID, KONTONR, IBAN, BANKNAME, ADRESSID) VALUES (533, 933529347927017,'PL041090240299793856','PolskaBank',19);
INSERT INTO Bankinformation (KONTOID, KONTONR, IBAN, BANKNAME, ADRESSID) VALUES (534, 133529347927011,'CH0489144868621335166','Credit Suisse',17);
INSERT INTO Bankinformation (KONTOID, KONTONR, IBAN, BANKNAME, ADRESSID) VALUES (535, 133529347927012,'CH0489144868621335167','Credit Suisse',17);
INSERT INTO Bankinformation (KONTOID, KONTONR, IBAN, BANKNAME, ADRESSID) VALUES (536, 133529347927013,'CH0489144868621335162','Credit Suisse',17);
INSERT INTO Bankinformation (KONTOID, KONTONR, IBAN, BANKNAME, ADRESSID) VALUES (537, 133529347927014,'CH0489144868621335168','Credit Suisse',17);
INSERT INTO Bankinformation (KONTOID, KONTONR, IBAN, BANKNAME, ADRESSID) VALUES (538, 133529347927015,'CH0489144868621335169','Credit Suisse',17);
INSERT INTO Bankinformation (KONTOID, KONTONR, IBAN, BANKNAME, ADRESSID) VALUES (539, 133529347927016,'CH0489144868621335161','Credit Suisse',17);


-----------------------------
--  INSERT for Personal
-----------------------------
INSERT INTO Personal (PERSONID, GEHALTSSTUFEID, KONTOID, ABTEILUNGSID) VALUES (1, 15, 510, 102);
INSERT INTO Personal (PERSONID, GEHALTSSTUFEID, KONTOID, ABTEILUNGSID) VALUES (2, 19, 511, 103);
INSERT INTO Personal (PERSONID, GEHALTSSTUFEID, KONTOID, ABTEILUNGSID) VALUES (3, 20, 512, 104);
INSERT INTO Personal (PERSONID, GEHALTSSTUFEID, KONTOID, ABTEILUNGSID) VALUES (4, 20, 513, 104);
INSERT INTO Personal (PERSONID, GEHALTSSTUFEID, KONTOID, ABTEILUNGSID) VALUES (5, 16, 514, 106);
INSERT INTO Personal (PERSONID, GEHALTSSTUFEID, KONTOID, ABTEILUNGSID) VALUES (6, 16, 515, 106);
INSERT INTO Personal (PERSONID, GEHALTSSTUFEID, KONTOID, ABTEILUNGSID) VALUES (7, 14, 516, 105);
INSERT INTO Personal (PERSONID, GEHALTSSTUFEID, KONTOID, ABTEILUNGSID) VALUES (8, 14, 517, 105);
INSERT INTO Personal (PERSONID, GEHALTSSTUFEID, KONTOID, ABTEILUNGSID) VALUES (9, 14, 518, 105);



-----------------------------
--  INSERT for Gast
-----------------------------
INSERT INTO Gast (PERSONID, REISEPASSID, KONTOID) VALUES (10,'AAB183297', 519);
INSERT INTO Gast (PERSONID, REISEPASSID, KONTOID) VALUES (11, 'AAC811035', 520);
INSERT INTO Gast (PERSONID, REISEPASSID, KONTOID) VALUES (12, 'P4366918',521);
INSERT INTO Gast (PERSONID, REISEPASSID, KONTOID) VALUES (13, 'X9011980',522);
INSERT INTO Gast (PERSONID, REISEPASSID, KONTOID) VALUES (14, 'G62292599',523);
INSERT INTO Gast (PERSONID, REISEPASSID, KONTOID) VALUES (15, 'E59221789',524);
INSERT INTO Gast (PERSONID, REISEPASSID, KONTOID) VALUES (16, 'K9180748',525);
INSERT INTO Gast (PERSONID, REISEPASSID, KONTOID) VALUES (17, 'J8369854',526);
INSERT INTO Gast (PERSONID, REISEPASSID, KONTOID) VALUES (18, 'G8635244',527);
INSERT INTO Gast (PERSONID, REISEPASSID, KONTOID) VALUES (19, 'B6001598',528);
INSERT INTO Gast (PERSONID, REISEPASSID, KONTOID) VALUES (20, 'V1263473',529);
INSERT INTO Gast (PERSONID, REISEPASSID, KONTOID) VALUES (22, 'US292910',530);
INSERT INTO Gast (PERSONID, REISEPASSID, KONTOID) VALUES (23, 'US292912',531);
INSERT INTO Gast (PERSONID, REISEPASSID, KONTOID) VALUES (24, 'US292914',532);
INSERT INTO Gast (PERSONID, REISEPASSID, KONTOID) VALUES (25, 'US292915',533);
INSERT INTO Gast (PERSONID, REISEPASSID, KONTOID) VALUES (26, 'US292918',534);
INSERT INTO Gast (PERSONID, REISEPASSID, KONTOID) VALUES (27, 'T7391018',535);
INSERT INTO Gast (PERSONID, REISEPASSID, KONTOID) VALUES (28, 'T7391019',536);
INSERT INTO Gast (PERSONID, REISEPASSID, KONTOID) VALUES (29, 'T7300000',537);
INSERT INTO Gast (PERSONID, REISEPASSID, KONTOID) VALUES (30, 'F5300560',538);
INSERT INTO Gast (PERSONID, REISEPASSID, KONTOID) VALUES (31, 'F2300200',539);


-----------------------------
--  INSERT for Lieferanten
-----------------------------
INSERT INTO Lieferanten (LIEFERANTENID, LIEFERANTENNAME, ADRESSID, KONTOID) VALUES (101,'Costa Cafe', 1, 501);
INSERT INTO Lieferanten (LIEFERANTENID, LIEFERANTENNAME, ADRESSID, KONTOID) VALUES (102, 'Helio Glass', 2, 502);
INSERT INTO Lieferanten (LIEFERANTENID, LIEFERANTENNAME, ADRESSID, KONTOID) VALUES (103, 'Coyote Furniture', 3, 503);
INSERT INTO Lieferanten (LIEFERANTENID, LIEFERANTENNAME, ADRESSID, KONTOID) VALUES (104, 'Light Ideas', 4, 504);
INSERT INTO Lieferanten (LIEFERANTENID, LIEFERANTENNAME, ADRESSID, KONTOID) VALUES (105, 'Bed-Tripod', 5, 505);
INSERT INTO Lieferanten (LIEFERANTENID, LIEFERANTENNAME, ADRESSID, KONTOID) VALUES (106, 'Tri-Bad', 6, 506);
INSERT INTO Lieferanten (LIEFERANTENID, LIEFERANTENNAME, ADRESSID, KONTOID) VALUES (107, 'Samsong', 7, 507);
INSERT INTO Lieferanten (LIEFERANTENID, LIEFERANTENNAME, ADRESSID, KONTOID) VALUES (108, 'Whirlpul', 8, 508);
INSERT INTO Lieferanten (LIEFERANTENID, LIEFERANTENNAME, ADRESSID, KONTOID) VALUES (109, 'Boschh', 9, 509);


-----------------------------
--  INSERT for Rechnung
-----------------------------
INSERT INTO Rechnung (RECHNUNGSID, RECHNUNGSSUMME, AUSSTELLUNGSDATUM, AUSSTELLERKONTOID, EMPFAENGERKONTOID)
	VALUES (200, 423.2, to_date('18.06.2021','DD.MM.YYYY'),500, 501); 

INSERT INTO Rechnung (RECHNUNGSID, RECHNUNGSSUMME, AUSSTELLUNGSDATUM, AUSSTELLERKONTOID, EMPFAENGERKONTOID)
	VALUES (201, 45.0, to_date('18.06.2021','DD.MM.YYYY'), 500, 502); 

INSERT INTO Rechnung (RECHNUNGSID, RECHNUNGSSUMME, AUSSTELLUNGSDATUM, AUSSTELLERKONTOID, EMPFAENGERKONTOID)
	VALUES (202, 120.2, to_date('16.06.2021','DD.MM.YYYY'), 500, 503); 

INSERT INTO Rechnung (RECHNUNGSID, RECHNUNGSSUMME, AUSSTELLUNGSDATUM, AUSSTELLERKONTOID, EMPFAENGERKONTOID)
	VALUES (203, 88.6, to_date('16.06.2021','DD.MM.YYYY'), 500, 504); 

INSERT INTO Rechnung (RECHNUNGSID, RECHNUNGSSUMME, AUSSTELLUNGSDATUM, AUSSTELLERKONTOID, EMPFAENGERKONTOID)
	VALUES (204, 400.2, to_date('14.06.2021','DD.MM.YYYY'), 520, 500); 

INSERT INTO Rechnung (RECHNUNGSID, RECHNUNGSSUMME, AUSSTELLUNGSDATUM, AUSSTELLERKONTOID, EMPFAENGERKONTOID)
	VALUES (205, 650.7, to_date('10.06.2021','DD.MM.YYYY'), 519, 500); 

INSERT INTO Rechnung (RECHNUNGSID, RECHNUNGSSUMME, AUSSTELLUNGSDATUM, AUSSTELLERKONTOID, EMPFAENGERKONTOID)
	VALUES (206, 652.2, to_date('01.06.2021','DD.MM.YYYY'), 526, 500); 

INSERT INTO Rechnung (RECHNUNGSID, RECHNUNGSSUMME, AUSSTELLUNGSDATUM, AUSSTELLERKONTOID, EMPFAENGERKONTOID)
	VALUES (207, 100.1, to_date('01.06.2021','DD.MM.YYYY'), 521, 500); 

INSERT INTO Rechnung (RECHNUNGSID, RECHNUNGSSUMME, AUSSTELLUNGSDATUM, AUSSTELLERKONTOID, EMPFAENGERKONTOID)
	VALUES (208, 182.0, to_date('01.06.2021','DD.MM.YYYY'), 520, 500); 

INSERT INTO Rechnung (RECHNUNGSID, RECHNUNGSSUMME, AUSSTELLUNGSDATUM, AUSSTELLERKONTOID, EMPFAENGERKONTOID)
	VALUES (209, 70.2, to_date('10.06.2021','DD.MM.YYYY'), 528, 500); 

INSERT INTO Rechnung (RECHNUNGSID, RECHNUNGSSUMME, AUSSTELLUNGSDATUM, AUSSTELLERKONTOID, EMPFAENGERKONTOID)
	VALUES (210, 60.12, to_date('10.06.2021','DD.MM.YYYY'), 523, 500); 

INSERT INTO Rechnung (RECHNUNGSID, RECHNUNGSSUMME, AUSSTELLUNGSDATUM, AUSSTELLERKONTOID, EMPFAENGERKONTOID)
	VALUES (211, 60.2, to_date('10.06.2021','DD.MM.YYYY'), 520, 500); 

INSERT INTO Rechnung (RECHNUNGSID, RECHNUNGSSUMME, AUSSTELLUNGSDATUM, AUSSTELLERKONTOID, EMPFAENGERKONTOID)
	VALUES (212, 80.9, to_date('17.06.2021','DD.MM.YYYY'), 522, 500); 

INSERT INTO Rechnung (RECHNUNGSID, RECHNUNGSSUMME, AUSSTELLUNGSDATUM, AUSSTELLERKONTOID, EMPFAENGERKONTOID)
	VALUES (213, 99.8, to_date('18.06.2021','DD.MM.YYYY'), 500, 505); 

INSERT INTO Rechnung (RECHNUNGSID, RECHNUNGSSUMME, AUSSTELLUNGSDATUM, AUSSTELLERKONTOID, EMPFAENGERKONTOID)
	VALUES (214, 100.1, to_date('18.06.2021','DD.MM.YYYY'), 500, 506); 

INSERT INTO Rechnung (RECHNUNGSID, RECHNUNGSSUMME, AUSSTELLUNGSDATUM, AUSSTELLERKONTOID, EMPFAENGERKONTOID)
	VALUES (215, 201, to_date('19.06.2021','DD.MM.YYYY'), 500, 507); 

INSERT INTO Rechnung (RECHNUNGSID, RECHNUNGSSUMME, AUSSTELLUNGSDATUM, AUSSTELLERKONTOID, EMPFAENGERKONTOID)
	VALUES (216, 362, to_date('20.06.2021','DD.MM.YYYY'), 500, 508); 

INSERT INTO Rechnung (RECHNUNGSID, RECHNUNGSSUMME, AUSSTELLUNGSDATUM, AUSSTELLERKONTOID, EMPFAENGERKONTOID)
	VALUES (217, 27, to_date('21.06.2021','DD.MM.YYYY'), 500, 509); 

INSERT INTO Rechnung (RECHNUNGSID, RECHNUNGSSUMME, AUSSTELLUNGSDATUM, AUSSTELLERKONTOID, EMPFAENGERKONTOID)
	VALUES (218, 34, to_date('22.06.2021','DD.MM.YYYY'), 500, 502); 

INSERT INTO Rechnung (RECHNUNGSID, RECHNUNGSSUMME, AUSSTELLUNGSDATUM, AUSSTELLERKONTOID, EMPFAENGERKONTOID)
	VALUES (219, 61, to_date('22.06.2021','DD.MM.YYYY'), 500, 503); 

INSERT INTO Rechnung (RECHNUNGSID, RECHNUNGSSUMME, AUSSTELLUNGSDATUM, AUSSTELLERKONTOID, EMPFAENGERKONTOID)
	VALUES (220, 91, to_date('22.06.2021','DD.MM.YYYY'), 524, 500); 

INSERT INTO Rechnung (RECHNUNGSID, RECHNUNGSSUMME, AUSSTELLUNGSDATUM, AUSSTELLERKONTOID, EMPFAENGERKONTOID)
	VALUES (221, 83, to_date('22.06.2021','DD.MM.YYYY'), 535, 500); 

INSERT INTO Rechnung (RECHNUNGSID, RECHNUNGSSUMME, AUSSTELLUNGSDATUM, AUSSTELLERKONTOID, EMPFAENGERKONTOID)
	VALUES (222, 85, to_date('25.06.2021','DD.MM.YYYY'), 527, 500); 

INSERT INTO Rechnung (RECHNUNGSID, RECHNUNGSSUMME, AUSSTELLUNGSDATUM, AUSSTELLERKONTOID, EMPFAENGERKONTOID)
	VALUES (223, 51, to_date('25.06.2021','DD.MM.YYYY'), 534, 500); 

INSERT INTO Rechnung (RECHNUNGSID, RECHNUNGSSUMME, AUSSTELLUNGSDATUM, AUSSTELLERKONTOID, EMPFAENGERKONTOID)
	VALUES (224, 64, to_date('25.06.2021','DD.MM.YYYY'), 535, 500); 

INSERT INTO Rechnung (RECHNUNGSID, RECHNUNGSSUMME, AUSSTELLUNGSDATUM, AUSSTELLERKONTOID, EMPFAENGERKONTOID)
	VALUES (225, 172, to_date('25.06.2021','DD.MM.YYYY'), 524, 500); 

INSERT INTO Rechnung (RECHNUNGSID, RECHNUNGSSUMME, AUSSTELLUNGSDATUM, AUSSTELLERKONTOID, EMPFAENGERKONTOID)
	VALUES (226, 222, to_date('25.06.2021','DD.MM.YYYY'), 534, 500); 

INSERT INTO Rechnung (RECHNUNGSID, RECHNUNGSSUMME, AUSSTELLUNGSDATUM, AUSSTELLERKONTOID, EMPFAENGERKONTOID)
	VALUES (227, 182, to_date('27.06.2021','DD.MM.YYYY'), 538, 500); 

INSERT INTO Rechnung (RECHNUNGSID, RECHNUNGSSUMME, AUSSTELLUNGSDATUM, AUSSTELLERKONTOID, EMPFAENGERKONTOID)
	VALUES (228, 111, to_date('27.06.2021','DD.MM.YYYY'), 539, 500); 

INSERT INTO Rechnung (RECHNUNGSID, RECHNUNGSSUMME, AUSSTELLUNGSDATUM, AUSSTELLERKONTOID, EMPFAENGERKONTOID)
	VALUES (229, 82, to_date('27.06.2021','DD.MM.YYYY'), 522, 500); 



-----------------------------
--  INSERT for Bestellung
-----------------------------
INSERT INTO Bestellung (BESTELLUNGSID, LIEFERANTENID, ADRESSID, RECHNUNGSID)
	VALUES (301, 107, 1, 223);

INSERT INTO Bestellung (BESTELLUNGSID, LIEFERANTENID, ADRESSID, RECHNUNGSID)
	VALUES (302, 101, 2, 222);

INSERT INTO Bestellung (BESTELLUNGSID, LIEFERANTENID, ADRESSID, RECHNUNGSID)
	VALUES (303, 101, 3, 205);

INSERT INTO Bestellung (BESTELLUNGSID, LIEFERANTENID, ADRESSID, RECHNUNGSID)
	VALUES (304, 104, 4, 206);

INSERT INTO Bestellung (BESTELLUNGSID, LIEFERANTENID, ADRESSID, RECHNUNGSID)
	VALUES (305, 105, 5, 207);

INSERT INTO Bestellung (BESTELLUNGSID, LIEFERANTENID, ADRESSID, RECHNUNGSID)
	VALUES (306, 106, 6, 208);

INSERT INTO Bestellung (BESTELLUNGSID, LIEFERANTENID, ADRESSID, RECHNUNGSID)
	VALUES (307, 107, 7, 209);

INSERT INTO Bestellung (BESTELLUNGSID, LIEFERANTENID, ADRESSID, RECHNUNGSID)
	VALUES (308, 108, 8, 210);

INSERT INTO Bestellung (BESTELLUNGSID, LIEFERANTENID, ADRESSID, RECHNUNGSID)
	VALUES (309, 103, 9, 224);
	
		



------------------------------
--  INSERT for Zimmerbuchung
------------------------------
INSERT INTO Zimmerbuchung (BuchungsID,Buchungsdatum,PersonID,RechnungsID,Buchungspreis) VALUES (1,TO_DATE('12/01/2018','DD/MM/YYYY'),10,300,150);

INSERT INTO Zimmerbuchung (BuchungsID,Buchungsdatum,PersonID,RechnungsID,Buchungspreis) VALUES (2,TO_DATE('12/05/2018','DD/MM/YYYY'),11,301,280);
INSERT INTO Zimmerbuchung (BuchungsID,Buchungsdatum,PersonID,RechnungsID,Buchungspreis) VALUES (3,TO_DATE('22/01/2018','DD/MM/YYYY'),12,302,750);
INSERT INTO Zimmerbuchung (BuchungsID,Buchungsdatum,PersonID,RechnungsID,Buchungspreis) VALUES (4,TO_DATE('08/01/2018','DD/MM/YYYY'),13,303,150);
INSERT INTO Zimmerbuchung (BuchungsID,Buchungsdatum,PersonID,RechnungsID,Buchungspreis) VALUES (5,TO_DATE('15/01/2020','DD/MM/YYYY'),14,304,2500);
INSERT INTO Zimmerbuchung (BuchungsID,Buchungsdatum,PersonID,RechnungsID,Buchungspreis) VALUES (6,TO_DATE('13/07/2018','DD/MM/YYYY'),15,305,890);
INSERT INTO Zimmerbuchung (BuchungsID,Buchungsdatum,PersonID,RechnungsID,Buchungspreis) VALUES (7,TO_DATE('30/11/2019','DD/MM/YYYY'),16,306,250);
INSERT INTO Zimmerbuchung (BuchungsID,Buchungsdatum,PersonID,RechnungsID,Buchungspreis) VALUES (8,TO_DATE('22/03/2019','DD/MM/YYYY'),17,307,340);
INSERT INTO Zimmerbuchung (BuchungsID,Buchungsdatum,PersonID,RechnungsID,Buchungspreis) VALUES (9,TO_DATE('12/05/2018','DD/MM/YYYY'),18,308,770);
INSERT INTO Zimmerbuchung (BuchungsID,Buchungsdatum,PersonID,RechnungsID,Buchungspreis) VALUES (10,TO_DATE('12/01/2018','DD/MM/YYYY'),19,309,860);
INSERT INTO Zimmerbuchung (BuchungsID,Buchungsdatum,PersonID,RechnungsID,Buchungspreis) VALUES (11,TO_DATE('14/01/2020','DD/MM/YYYY'),20,310,80);
INSERT INTO Zimmerbuchung (BuchungsID,Buchungsdatum,PersonID,RechnungsID,Buchungspreis) VALUES (12,TO_DATE('18/06/2016','DD/MM/YYYY'),21,311,3500);
INSERT INTO Zimmerbuchung (BuchungsID,Buchungsdatum,PersonID,RechnungsID,Buchungspreis) VALUES (13,TO_DATE('19/07/2017','DD/MM/YYYY'),22,312,1500);
INSERT INTO Zimmerbuchung (BuchungsID,Buchungsdatum,PersonID,RechnungsID,Buchungspreis) VALUES (14,TO_DATE('17/10/2018','DD/MM/YYYY'),23,313,650);
INSERT INTO Zimmerbuchung (BuchungsID,Buchungsdatum,PersonID,RechnungsID,Buchungspreis) VALUES (15,TO_DATE('12/01/2021','DD/MM/YYYY'),24,314,450);
INSERT INTO Zimmerbuchung (BuchungsID,Buchungsdatum,PersonID,RechnungsID,Buchungspreis) VALUES (16,TO_DATE('24/07/2019','DD/MM/YYYY'),25,315,890);
INSERT INTO Zimmerbuchung (BuchungsID,Buchungsdatum,PersonID,RechnungsID,Buchungspreis) VALUES (17,TO_DATE('17/09/2019','DD/MM/YYYY'),26,316,1200);
INSERT INTO Zimmerbuchung (BuchungsID,Buchungsdatum,PersonID,RechnungsID,Buchungspreis) VALUES (18,TO_DATE('18/11/2020','DD/MM/YYYY'),27,317,2300);
INSERT INTO Zimmerbuchung (BuchungsID,Buchungsdatum,PersonID,RechnungsID,Buchungspreis) VALUES (19,TO_DATE('19/06/2021','DD/MM/YYYY'),28,318,650);
INSERT INTO Zimmerbuchung (BuchungsID,Buchungsdatum,PersonID,RechnungsID,Buchungspreis) VALUES (20,TO_DATE('28/01/2020','DD/MM/YYYY'),29,319,80);
INSERT INTO Zimmerbuchung (BuchungsID,Buchungsdatum,PersonID,RechnungsID,Buchungspreis) VALUES (21,TO_DATE('15/12/2019','DD/MM/YYYY'),30,320,354);
INSERT INTO Zimmerbuchung (BuchungsID,Buchungsdatum,PersonID,RechnungsID,Buchungspreis) VALUES (22,TO_DATE('21/03/2020','DD/MM/YYYY'),31,321,222);


-------------------------------------
--  INSERT for Zimmerbuchungsdetails
-------------------------------------

INSERT INTO Zimmerbuchungsdetails (Zimmernr,BuchungsID,CheckIn,CheckOut,DauerTagen,Anzahl,Preis) VALUES (1,1,TO_DATE('12/01/2019','DD/MM/YYYY'),TO_DATE('14/01/2019','DD/MM/YYYY'),2,1,100);
INSERT INTO Zimmerbuchungsdetails (Zimmernr,BuchungsID,CheckIn,CheckOut,DauerTagen,Anzahl,Preis) VALUES (17,2,TO_DATE('12/06/2018','DD/MM/YYYY'),TO_DATE('17/06/2018','DD/MM/YYYY'),5,1,250);
INSERT INTO Zimmerbuchungsdetails (Zimmernr,BuchungsID,CheckIn,CheckOut,DauerTagen,Anzahl,Preis) VALUES (1,3,TO_DATE('15/08/2018','DD/MM/YYYY'),TO_DATE('18/08/2018','DD/MM/YYYY'),3,1,450);
INSERT INTO Zimmerbuchungsdetails (Zimmernr,BuchungsID,CheckIn,CheckOut,DauerTagen,Anzahl,Preis) VALUES (3,4,TO_DATE('12/01/2018','DD/MM/YYYY'),TO_DATE('14/01/2018','DD/MM/YYYY'),2,1,100);
INSERT INTO Zimmerbuchungsdetails (Zimmernr,BuchungsID,CheckIn,CheckOut,DauerTagen,Anzahl,Preis) VALUES (13,5,TO_DATE('07/05/2020','DD/MM/YYYY'),TO_DATE('12/05/2020','DD/MM/YYYY'),5,1,2250);
INSERT INTO Zimmerbuchungsdetails (Zimmernr,BuchungsID,CheckIn,CheckOut,DauerTagen,Anzahl,Preis) VALUES (10,6,TO_DATE('05/08/2018','DD/MM/YYYY'),TO_DATE('14/08/2018','DD/MM/YYYY'),2,1,700);
INSERT INTO Zimmerbuchungsdetails (Zimmernr,BuchungsID,CheckIn,CheckOut,DauerTagen,Anzahl,Preis) VALUES (18,7,TO_DATE('17/01/2020','DD/MM/YYYY'),TO_DATE('18/01/2020','DD/MM/YYYY'),1,1,180);
INSERT INTO Zimmerbuchungsdetails (Zimmernr,BuchungsID,CheckIn,CheckOut,DauerTagen,Anzahl,Preis) VALUES (21,8,TO_DATE('22/03/2019','DD/MM/YYYY'),TO_DATE('28/03/2019','DD/MM/YYYY'),6,1,300);
INSERT INTO Zimmerbuchungsdetails (Zimmernr,BuchungsID,CheckIn,CheckOut,DauerTagen,Anzahl,Preis) VALUES (6,9,TO_DATE('12/05/2018','DD/MM/YYYY'),TO_DATE('16/05/2018','DD/MM/YYYY'),4,1,560);
INSERT INTO Zimmerbuchungsdetails (Zimmernr,BuchungsID,CheckIn,CheckOut,DauerTagen,Anzahl,Preis) VALUES (5,10,TO_DATE('15/09/2018','DD/MM/YYYY'),TO_DATE('22/09/2018','DD/MM/YYYY'),7,1,686);
INSERT INTO Zimmerbuchungsdetails (Zimmernr,BuchungsID,CheckIn,CheckOut,DauerTagen,Anzahl,Preis) VALUES (1,11,TO_DATE('20/08/2020','DD/MM/YYYY'),TO_DATE('23/08/2020','DD/MM/YYYY'),1,1,50);
INSERT INTO Zimmerbuchungsdetails (Zimmernr,BuchungsID,CheckIn,CheckOut,DauerTagen,Anzahl,Preis) VALUES (19,12,TO_DATE('22/06/2016','DD/MM/YYYY'),TO_DATE('29/06/2016','DD/MM/YYYY'),7,2,3150);
INSERT INTO Zimmerbuchungsdetails (Zimmernr,BuchungsID,CheckIn,CheckOut,DauerTagen,Anzahl,Preis) VALUES (25,13,TO_DATE('14/11/2017','DD/MM/YYYY'),TO_DATE('20/11/2017','DD/MM/YYYY'),6,2,1176);
INSERT INTO Zimmerbuchungsdetails (Zimmernr,BuchungsID,CheckIn,CheckOut,DauerTagen,Anzahl,Preis) VALUES (18,14,TO_DATE('18/10/2018','DD/MM/YYYY'),TO_DATE('21/10/2018','DD/MM/YYYY'),3,1,540);
INSERT INTO Zimmerbuchungsdetails (Zimmernr,BuchungsID,CheckIn,CheckOut,DauerTagen,Anzahl,Preis) VALUES (19,15,TO_DATE('19/05/2021','DD/MM/YYYY'),TO_DATE('20/05/2021','DD/MM/YYYY'),1,1,450);
INSERT INTO Zimmerbuchungsdetails (Zimmernr,BuchungsID,CheckIn,CheckOut,DauerTagen,Anzahl,Preis) VALUES (27,16,TO_DATE('18/08/2019','DD/MM/YYYY'),TO_DATE('23/08/2019','DD/MM/YYYY'),5,1,700);
INSERT INTO Zimmerbuchungsdetails (Zimmernr,BuchungsID,CheckIn,CheckOut,DauerTagen,Anzahl,Preis) VALUES (7,17,TO_DATE('13/01/2020','DD/MM/YYYY'),TO_DATE('20/01/2020','DD/MM/YYYY'),7,1,980);
INSERT INTO Zimmerbuchungsdetails (Zimmernr,BuchungsID,CheckIn,CheckOut,DauerTagen,Anzahl,Preis) VALUES (10,18,TO_DATE('23/11/2020','DD/MM/YYYY'),TO_DATE('26/11/2020','DD/MM/YYYY'),3,2,2100);
INSERT INTO Zimmerbuchungsdetails (Zimmernr,BuchungsID,CheckIn,CheckOut,DauerTagen,Anzahl,Preis) VALUES (8,19,TO_DATE('21/06/2021','DD/MM/YYYY'),TO_DATE('25/06/2021','DD/MM/YYYY'),4,1,560);
INSERT INTO Zimmerbuchungsdetails (Zimmernr,BuchungsID,CheckIn,CheckOut,DauerTagen,Anzahl,Preis) VALUES (16,20,TO_DATE('30/03/2020','DD/MM/YYYY'),TO_DATE('31/03/2020','DD/MM/YYYY'),1,1,50);
INSERT INTO Zimmerbuchungsdetails (Zimmernr,BuchungsID,CheckIn,CheckOut,DauerTagen,Anzahl,Preis) VALUES (12,21,TO_DATE('16/12/2019','DD/MM/YYYY'),TO_DATE('19/12/2019','DD/MM/YYYY'),3,1,294);
INSERT INTO Zimmerbuchungsdetails (Zimmernr,BuchungsID,CheckIn,CheckOut,DauerTagen,Anzahl,Preis) VALUES (15,22,TO_DATE('03/07/2020','DD/MM/YYYY'),TO_DATE('07/07/2020','DD/MM/YYYY'),4,1,200);



------------------------------
--  INSERT for Servicedetails
------------------------------
INSERT INTO Servicedetails (BuchungsID,ServiceID,Anzahl,Preis) VALUES (1,3,1,50);

INSERT INTO Servicedetails (BuchungsID,ServiceID,Anzahl,Preis) VALUES (2,8,1,30);
INSERT INTO Servicedetails (BuchungsID,ServiceID,Anzahl,Preis) VALUES (3,11,2,300);
INSERT INTO Servicedetails (BuchungsID,ServiceID,Anzahl,Preis) VALUES (4,11,1,150);
INSERT INTO Servicedetails (BuchungsID,ServiceID,Anzahl,Preis) VALUES (5,3,5,250);
INSERT INTO Servicedetails (BuchungsID,ServiceID,Anzahl,Preis) VALUES (6,15,19,190);
INSERT INTO Servicedetails (BuchungsID,ServiceID,Anzahl,Preis) VALUES (7,9,7,70);
INSERT INTO Servicedetails (BuchungsID,ServiceID,Anzahl,Preis) VALUES (8,5,1,40);
INSERT INTO Servicedetails (BuchungsID,ServiceID,Anzahl,Preis) VALUES (9,3,4,210);
INSERT INTO Servicedetails (BuchungsID,ServiceID,Anzahl,Preis) VALUES (10,8,2,60);
INSERT INTO Servicedetails (BuchungsID,ServiceID,Anzahl,Preis) VALUES (11,8,1,30);
INSERT INTO Servicedetails (BuchungsID,ServiceID,Anzahl,Preis) VALUES (12,11,3,450);
INSERT INTO Servicedetails (BuchungsID,ServiceID,Anzahl,Preis) VALUES (13,3,6,300);
INSERT INTO Servicedetails (BuchungsID,ServiceID,Anzahl,Preis) VALUES (14,15,11,110);
INSERT INTO Servicedetails (BuchungsID,ServiceID,Anzahl,Preis) VALUES (16,8,6,180);
INSERT INTO Servicedetails (BuchungsID,ServiceID,Anzahl,Preis) VALUES (17,4,11,220);
INSERT INTO Servicedetails (BuchungsID,ServiceID,Anzahl,Preis) VALUES (18,12,4,200);
INSERT INTO Servicedetails (BuchungsID,ServiceID,Anzahl,Preis) VALUES (19,3,2,100);
INSERT INTO Servicedetails (BuchungsID,ServiceID,Anzahl,Preis) VALUES (20,8,1,30);
INSERT INTO Servicedetails (BuchungsID,ServiceID,Anzahl,Preis) VALUES (21,8,2,60);
INSERT INTO Servicedetails (BuchungsID,ServiceID,Anzahl,Preis) VALUES (22,4,1,20);


------------------------------
--  INSERT for Bestelldetails
------------------------------
INSERT INTO Bestelldetails (BestellungsID,WarenID,Anzahl,Preis) VALUES (301,3,10,20);

INSERT INTO Bestelldetails (BestellungsID,WarenID,Anzahl,Preis) VALUES (302,3,10,20);
INSERT INTO Bestelldetails (BestellungsID,WarenID,Anzahl,Preis) VALUES (303,13,100,100);
INSERT INTO Bestelldetails (BestellungsID,WarenID,Anzahl,Preis) VALUES (303,26,30,60);
INSERT INTO Bestelldetails (BestellungsID,WarenID,Anzahl,Preis) VALUES (304,23,5,500);
INSERT INTO Bestelldetails (BestellungsID,WarenID,Anzahl,Preis) VALUES (305,8,4,120);
INSERT INTO Bestelldetails (BestellungsID,WarenID,Anzahl,Preis) VALUES (306,17,10,500);
INSERT INTO Bestelldetails (BestellungsID,WarenID,Anzahl,Preis) VALUES (307,11,250,250);
INSERT INTO Bestelldetails (BestellungsID,WarenID,Anzahl,Preis) VALUES (308,25,15,75);
INSERT INTO Bestelldetails (BestellungsID,WarenID,Anzahl,Preis) VALUES (309,5,17,340);


--------------------------------
--  INSERT for Kundenbewertung
--------------------------------
INSERT INTO Kundenbewertung (PersonID,BewertungsID,Bewertungskommentar,BuchungsID,Bewertung) VALUES (11,1,'Komischer Geruch aber sonst super',2,8);

INSERT INTO Kundenbewertung (PersonID,BewertungsID,Bewertungskommentar,BuchungsID,Bewertung) VALUES (24,2,'Genialer Service! Gerne wieder!',15,10);
INSERT INTO Kundenbewertung (PersonID,BewertungsID,Bewertungskommentar,BuchungsID,Bewertung) VALUES (28,3,'Hat mir sehr gut gefallen',19,8);
INSERT INTO Kundenbewertung (PersonID,BewertungsID,Bewertungskommentar,BuchungsID,Bewertung) VALUES (18,4,'Personal freundlich und Zimmer sauber, was will man mehr?',9,9);
INSERT INTO Kundenbewertung (PersonID,BewertungsID,Bewertungskommentar,BuchungsID,Bewertung) VALUES (30,5,'Für den Preis unschlagbar, freue mich schon auf das nächste Jahr!',21,10);	


commit;


--rollback;
