-----------------------------
--  INSERT for WarenArt
-----------------------------
INSERT INTO WarenArt (WarenArtName) VALUES ('Toilettenartikel');
INSERT INTO WarenArt (WarenArtName) VALUES ('Zimmerartikel');
INSERT INTO WarenArt (WarenArtName) VALUES ('Waschraumartikel');
INSERT INTO WarenArt (WarenArtName) VALUES ('Restaurantartikel');
INSERT INTO WarenArt (WarenArtName) VALUES ('Geraete');

-----------------------------
--  INSERT for Ware
-----------------------------
INSERT INTO Ware (WarenName,Einzelpreis,WarenArtID) VALUES ('Zahnburste',2,1);
INSERT INTO Ware (WarenName,Einzelpreis,WarenArtID) VALUES ('Duschtuch',10,1);
INSERT INTO Ware (WarenName,Einzelpreis,WarenArtID) VALUES ('Seife',2,1);
INSERT INTO Ware (WarenName,Einzelpreis,WarenArtID) VALUES ('Haarshampoo',3,1);
INSERT INTO Ware (WarenName,Einzelpreis,WarenArtID) VALUES ('Waschmittel',20,3);
INSERT INTO Ware (WarenName,Einzelpreis,WarenArtID) VALUES ('Weichsp?ler',20,3);
INSERT INTO Ware (WarenName,Einzelpreis,WarenArtID) VALUES ('Papierkorb',10,2);
INSERT INTO Ware (WarenName,Einzelpreis,WarenArtID) VALUES ('Serviette',30,4);
INSERT INTO Ware (WarenName,Einzelpreis,WarenArtID) VALUES ('Toiletpaper',20,1);
INSERT INTO Ware (WarenName,Einzelpreis,WarenArtID) VALUES ('Foen',20,5);
INSERT INTO Ware (WarenName,EinzelPreis,WarenArtID) VALUES ('Lotion',1,1);
INSERT INTO Ware (WarenName,Einzelpreis,WarenArtID) VALUES ('Duschhaube',1.5,1);
INSERT INTO Ware (WarenName,Einzelpreis,WarenArtID) VALUES ('Rasierer',1,1);
INSERT INTO Ware (WarenName,Einzelpreis,WarenArtID) VALUES ('Zahnpasta',0.5,1);
INSERT INTO Ware (WarenName,Einzelpreis,WarenArtID) VALUES ('Kissen',10,2);
INSERT INTO Ware (WarenName,Einzelpreis,WarenArtID) VALUES ('Bettwasche',30,2);
INSERT INTO Ware (WarenName,Einzelpreis,WarenArtID) VALUES ('Decke',50,2);
INSERT INTO Ware (WarenName,Einzelpreis,WarenArtID) VALUES ('Staubsauger',100,5);
INSERT INTO Ware (WarenName,Einzelpreis,WarenArtID) VALUES ('Vorhang',30,2);
INSERT INTO Ware (WarenName,Einzelpreis,WarenArtID) VALUES ('Tee',0.7,4);
INSERT INTO Ware (WarenName,EinzelPreis,WarenArtID) VALUES ('Cafe',1.3,4);
INSERT INTO Ware (WarenName,Einzelpreis,WarenArtID) VALUES ('Putzmittel',15,3);
INSERT INTO Ware (WarenName,Einzelpreis,WarenArtID) VALUES ('Fernseher',100,5);
INSERT INTO Ware (WarenName,Einzelpreis,WarenArtID) VALUES ('PapierBecher',1,4);
INSERT INTO Ware (WarenName,Einzelpreis,WarenArtID) VALUES ('Wine',5,4);
INSERT INTO Ware (WarenName,Einzelpreis,WarenArtID) VALUES ('Milch',2,4);
INSERT INTO Ware (WarenName,Einzelpreis,WarenArtID) VALUES ('Coke',1,4);
INSERT INTO Ware (WarenName,Einzelpreis,WarenArtID) VALUES ('Mineral Wasser',1,4);
INSERT INTO Ware (WarenName,Einzelpreis,WarenArtID) VALUES ('Bier',0.9,4);
INSERT INTO Ware (WarenName,Einzelpreis,WarenArtID) VALUES ('Radler',1,4);
-----------------------------
--  INSERT for Land
-----------------------------
INSERT INTO Land ( KENNZEICHEN, LANDNAME) VALUES ('AR','Argentina');
INSERT INTO Land ( KENNZEICHEN, LANDNAME) VALUES ('AT','Austria');
INSERT INTO Land ( KENNZEICHEN, LANDNAME) VALUES ('BE','Belgium');
INSERT INTO Land ( KENNZEICHEN, LANDNAME) VALUES ('BR','Brazil');
INSERT INTO Land ( KENNZEICHEN, LANDNAME) VALUES ('CA','Canada');
INSERT INTO Land ( KENNZEICHEN, LANDNAME) VALUES ('CN','China');
INSERT INTO Land ( KENNZEICHEN, LANDNAME) VALUES ('DK','Denmark');
INSERT INTO Land ( KENNZEICHEN, LANDNAME) VALUES ('EG','Egypt');
INSERT INTO Land ( KENNZEICHEN, LANDNAME) VALUES ('FI','Finland');
INSERT INTO Land ( KENNZEICHEN, LANDNAME) VALUES ('FR','France');
INSERT INTO Land ( KENNZEICHEN, LANDNAME) VALUES ('DE','Germany');
INSERT INTO Land ( KENNZEICHEN, LANDNAME) VALUES ('GR','Greece');
INSERT INTO Land ( KENNZEICHEN, LANDNAME) VALUES ('HK','Hong Kong');
INSERT INTO Land ( KENNZEICHEN, LANDNAME) VALUES ('HU','Hungary');
INSERT INTO Land ( KENNZEICHEN, LANDNAME) VALUES ('IS','Iceland');
INSERT INTO Land ( KENNZEICHEN, LANDNAME) VALUES ('IN','India');
INSERT INTO Land ( KENNZEICHEN, LANDNAME) VALUES ('IR','Iran');
INSERT INTO Land ( KENNZEICHEN, LANDNAME) VALUES ('IE','Ireland');
INSERT INTO Land ( KENNZEICHEN, LANDNAME) VALUES ('IT','Italy');
INSERT INTO Land ( KENNZEICHEN, LANDNAME) VALUES ('JP','Japan');
INSERT INTO Land ( KENNZEICHEN, LANDNAME) VALUES ('KR','Korea');
INSERT INTO Land ( KENNZEICHEN, LANDNAME) VALUES ('LU','Luxemburg');
INSERT INTO Land ( KENNZEICHEN, LANDNAME) VALUES ('MO','Macao');
INSERT INTO Land ( KENNZEICHEN, LANDNAME) VALUES ('MY','Malaysia');
INSERT INTO Land ( KENNZEICHEN, LANDNAME) VALUES ('MT','Malta');
INSERT INTO Land ( KENNZEICHEN, LANDNAME) VALUES ('MX','Mexico');
INSERT INTO Land ( KENNZEICHEN, LANDNAME) VALUES ('MN','Mongolia');
INSERT INTO Land ( KENNZEICHEN, LANDNAME) VALUES ('MA','Morocco');
INSERT INTO Land ( KENNZEICHEN, LANDNAME) VALUES ('NL','Netherlands');
INSERT INTO Land ( KENNZEICHEN, LANDNAME) VALUES ('NZ','New Zealand');
INSERT INTO Land ( KENNZEICHEN, LANDNAME) VALUES ('NO','Norway');
INSERT INTO Land ( KENNZEICHEN, LANDNAME) VALUES ('PL','Poland');
INSERT INTO Land ( KENNZEICHEN, LANDNAME) VALUES ('PT','Portugal');
INSERT INTO Land ( KENNZEICHEN, LANDNAME) VALUES ('RO','Romania');
INSERT INTO Land ( KENNZEICHEN, LANDNAME) VALUES ('SG','Singapore');
INSERT INTO Land ( KENNZEICHEN, LANDNAME) VALUES ('SK','Slovakia');
INSERT INTO Land ( KENNZEICHEN, LANDNAME) VALUES ('SI','Slovenia');
INSERT INTO Land ( KENNZEICHEN, LANDNAME) VALUES ('ZA','South Africa');
INSERT INTO Land ( KENNZEICHEN, LANDNAME) VALUES ('ES','Spain');
INSERT INTO Land ( KENNZEICHEN, LANDNAME) VALUES ('SE','Sweden');
INSERT INTO Land ( KENNZEICHEN, LANDNAME) VALUES ('CH','Switzerland');
INSERT INTO Land ( KENNZEICHEN, LANDNAME) VALUES ('TW','Taiwan');
INSERT INTO Land ( KENNZEICHEN, LANDNAME) VALUES ('US','United States of America');
INSERT INTO Land (KENNZEICHEN, LANDNAME) VALUES ('VN','Viet Nam');
-----------------------------
--  INSERT for Adresse
-----------------------------
INSERT INTO Adresse (Strasse,HausNr,TuerNr,PLZ,Ort,LandID) VALUES ('Ap #641-7526 Pellentesque Ave',29,8,'008132','Nasino',1);
INSERT INTO Adresse (Strasse,HausNr,TuerNr,PLZ,Ort,LandID) VALUES ('P.O. Box 411, 4760 Tellus. Ave',57,5,'3263','Laives/Leifers',2);
INSERT INTO Adresse (Strasse,HausNr,TuerNr,PLZ,Ort,LandID) VALUES ('5746 Purus Rd.',39,7,'9776','Utrecht',3);
INSERT INTO Adresse (Strasse,HausNr,TuerNr,PLZ,Ort,LandID) VALUES ('Ap #271-5968 Ut, Ave',32,6,'9865','Canino',4);
INSERT INTO Adresse (Strasse,HausNr,TuerNr,PLZ,Ort,LandID) VALUES ('P.O. Box 676, 8145 Luctus, Av.',95,4,'6606','Alings?s',5);
INSERT INTO Adresse (Strasse,HausNr,TuerNr,PLZ,Ort,LandID) VALUES ('P.O. Box 194, 8180 Malesuada Av.',3,4,'09484','Mersin',6);
INSERT INTO Adresse (Strasse,HausNr,TuerNr,PLZ,Ort,LandID) VALUES ('Ap #155-2664 Lacus. Ave',33,10,'55500','Huacho',7);
INSERT INTO Adresse (Strasse,HausNr,TuerNr,PLZ,Ort,LandID) VALUES ('579-4772 Nec, St.',22,8,'30328','Paradise',8);
INSERT INTO Adresse (Strasse,HausNr,TuerNr,PLZ,Ort,LandID) VALUES ('Ap #480-3527 Maecenas Street',5,2,'11212','Mattersburg',9);
INSERT INTO Adresse (Strasse,HausNr,TuerNr,PLZ,Ort,LandID) VALUES ('715-8800 Mauris. St.',7,3,'54908','Vehari',10);
INSERT INTO Adresse (Strasse,HausNr,TuerNr,PLZ,Ort,LandID) VALUES ('9952 Arcu. St.',64,9,'69007','Zeya',10);
INSERT INTO Adresse (Strasse,HausNr,TuerNr,PLZ,Ort,LandID) VALUES ('P.O. Box 734, 3093 Nulla Avenue',47,6,'60033208','Castellafiume',11);
INSERT INTO Adresse (Strasse,HausNr,TuerNr,PLZ,Ort,LandID) VALUES ('Ap #320-7134 Vel, Street',66,8,'99916481','Kitimat',12);
INSERT INTO Adresse (Strasse,HausNr,TuerNr,PLZ,Ort,LandID) VALUES ('P.O. Box 228, 7185 Fermentum Rd.',94,3,'06710','Santarcangelo di Romagna',13);
INSERT INTO Adresse (Strasse,HausNr,TuerNr,PLZ,Ort,LandID) VALUES ('1553 Tristique Avenue',58,10,'2048','San Giorgio Albanese',14);
INSERT INTO Adresse (Strasse,HausNr,TuerNr,PLZ,Ort,LandID) VALUES ('7583 Vulputate Ave',8,3,'66568','Ancaster Town',15);
INSERT INTO Adresse (Strasse,HausNr,TuerNr,PLZ,Ort,LandID) VALUES ('3517 Cras Rd.',15,1,'894589','Ergani',16);
INSERT INTO Adresse (Strasse,HausNr,TuerNr,PLZ,Ort,LandID) VALUES ('P.O. Box 103, 2547 Justo Street',54,7,'2394238457','Panipat',17);
INSERT INTO Adresse (Strasse,HausNr,TuerNr,PLZ,Ort,LandID) VALUES ('7992 Ipsum Avenue',29,9,'5578','Spruce Grove',18);
INSERT INTO Adresse (Strasse,HausNr,TuerNr,PLZ,Ort,LandID) VALUES ('5893 Quis Avenue',38,3,'74739','Lleida',19);
INSERT INTO Adresse (Strasse,HausNr,TuerNr,PLZ,Ort,LandID) VALUES ('9429 Dui St.',85,3,'354412','B?ziers',20);
INSERT INTO Adresse (Strasse,HausNr,TuerNr,PLZ,Ort,LandID) VALUES ('Ap #960-6868 Quisque St.',94,8,'07633','Recanati',21);
INSERT INTO Adresse (Strasse,HausNr,TuerNr,PLZ,Ort,LandID) VALUES ('P.O. Box 630, 1747 Parturient St.',31,10,'550861','Baltasound',21);
INSERT INTO Adresse (Strasse,HausNr,TuerNr,PLZ,Ort,LandID) VALUES ('Ap #470-3684 Dui. St.',28,2,'797465','Straubing',22);
INSERT INTO Adresse (Strasse,HausNr,TuerNr,PLZ,Ort,LandID) VALUES ('Ap #291-5074 Penatibus Av.',57,10,'16711263','Silius',23);
INSERT INTO Adresse (Strasse,HausNr,TuerNr,PLZ,Ort,LandID) VALUES ('119-3352 Risus Street',30,7,'6725','Medell?n',24);
INSERT INTO Adresse (Strasse,HausNr,TuerNr,PLZ,Ort,LandID) VALUES ('P.O. Box 948, 5383 Proin Avenue',40,6,'367166','Racine',25);
INSERT INTO Adresse (Strasse,HausNr,TuerNr,PLZ,Ort,LandID) VALUES ('208-2234 Nec Avenue',4,8,'31566','Brixton',26);
INSERT INTO Adresse (Strasse,HausNr,TuerNr,PLZ,Ort,LandID) VALUES ('391-4100 Eget Rd.',12,3,'400400','Dannevirke',27);
INSERT INTO Adresse (Strasse,HausNr,TuerNr,PLZ,Ort,LandID) VALUES ('Ap #124-3208 Justo. Street',31,8,'71184','Montague',28);

-----------------------------
--  INSERT for service
-----------------------------
INSERT INTO Service (Beschreibung,Einzelpreis) VALUES ('Fruehstueck im Bett',15);
INSERT INTO Service (Beschreibung,Einzelpreis) VALUES ('Waesche',7);
INSERT INTO Service (Beschreibung,Einzelpreis) VALUES ('Spa',50);
INSERT INTO Service (Beschreibung,Einzelpreis) VALUES ('Auto Mieten',20);
INSERT INTO Service (Beschreibung,Einzelpreis) VALUES ('Blumenarrangement',40);
INSERT INTO Service (Beschreibung,Einzelpreis) VALUES ('Buegelservice',5);
INSERT INTO Service (Beschreibung,Einzelpreis) VALUES ('Mail-Dienste',5);
INSERT INTO Service (Beschreibung,Einzelpreis) VALUES ('Masssagen',30);
INSERT INTO Service (Beschreibung,Einzelpreis) VALUES ('Schuhputzservice',10);
INSERT INTO Service (Beschreibung,Einzelpreis) VALUES ('Ticketservice',3);
INSERT INTO Service (Beschreibung,Einzelpreis) VALUES ('Ausflug und F?hrungen',150);
INSERT INTO Service (Beschreibung,Einzelpreis) VALUES ('Flughafen Abholen',50);
INSERT INTO Service (Beschreibung,Einzelpreis) VALUES ('Limousinenservice mit Transfer und Chauffeur',3);
INSERT INTO Service (Beschreibung,Einzelpreis) VALUES ('Kurier',3);
INSERT INTO Service (Beschreibung,Einzelpreis) VALUES ('Trocken Reinigung',10);

-----------------------------
--  INSERT for Zimmer
-----------------------------
INSERT INTO Zimmer (ZimmerNr,ZimmerArt,Einzelpreis) VALUES (1,'Single',50);
INSERT INTO Zimmer (ZimmerNr,ZimmerArt,Einzelpreis) VALUES (2,'Double',98);
INSERT INTO Zimmer (ZimmerNr,ZimmerArt,Einzelpreis) VALUES (3,'Double',98);
INSERT INTO Zimmer (ZimmerNr,ZimmerArt,Einzelpreis) VALUES (4,'Double',98);
INSERT INTO Zimmer (ZimmerNr,ZimmerArt,Einzelpreis) VALUES (5,'Double',98);
INSERT INTO Zimmer (ZimmerNr,ZimmerArt,Einzelpreis) VALUES (6,'Triple',140);
INSERT INTO Zimmer (ZimmerNr,ZimmerArt,Einzelpreis) VALUES (7,'Triple',140);
INSERT INTO Zimmer (ZimmerNr,ZimmerArt,Einzelpreis) VALUES (8,'Triple',140);
INSERT INTO Zimmer (ZimmerNr,ZimmerArt,Einzelpreis) VALUES (9,'Quad',180);
INSERT INTO Zimmer (ZimmerNr,ZimmerArt,Einzelpreis) VALUES (10,'Queen',350);
INSERT INTO Zimmer (ZimmerNr,ZimmerArt,Einzelpreis) VALUES (11,'Queen',350);
INSERT INTO Zimmer (ZimmerNr,ZimmerArt,Einzelpreis) VALUES (12,'Double',98);
INSERT INTO Zimmer (ZimmerNr,ZimmerArt,Einzelpreis) VALUES (13,'King',450);
INSERT INTO Zimmer (ZimmerNr,ZimmerArt,Einzelpreis) VALUES (14,'King',450);
INSERT INTO Zimmer (ZimmerNr,ZimmerArt,Einzelpreis) VALUES (15,'Single',50);
INSERT INTO Zimmer (ZimmerNr,ZimmerArt,Einzelpreis) VALUES (16,'Single',50);
INSERT INTO Zimmer (ZimmerNr,ZimmerArt,Einzelpreis) VALUES (17,'Single',50);
INSERT INTO Zimmer (ZimmerNr,ZimmerArt,Einzelpreis) VALUES (18,'Quad',180);
INSERT INTO Zimmer (ZimmerNr,ZimmerArt,Einzelpreis) VALUES (19,'King',450);
INSERT INTO Zimmer (ZimmerNr,ZimmerArt,Einzelpreis) VALUES (20,'Quad',180);
INSERT INTO Zimmer (ZimmerNr,ZimmerArt,Einzelpreis) VALUES (21,'Single',50);
INSERT INTO Zimmer (ZimmerNr,ZimmerArt,Einzelpreis) VALUES (22,'Double',98);
INSERT INTO Zimmer (ZimmerNr,ZimmerArt,Einzelpreis) VALUES (23,'Double',98);
INSERT INTO Zimmer (ZimmerNr,ZimmerArt,Einzelpreis) VALUES (24,'Double',98);
INSERT INTO Zimmer (ZimmerNr,ZimmerArt,Einzelpreis) VALUES (25,'Double',98);
INSERT INTO Zimmer (ZimmerNr,ZimmerArt,Einzelpreis) VALUES (26,'Triple',140);
INSERT INTO Zimmer (ZimmerNr,ZimmerArt,Einzelpreis) VALUES (27,'Triple',140);
INSERT INTO Zimmer (ZimmerNr,ZimmerArt,Einzelpreis) VALUES (28,'Triple',140);
INSERT INTO Zimmer (ZimmerNr,ZimmerArt,Einzelpreis) VALUES (29,'Quad',180);
INSERT INTO Zimmer (ZimmerNr,ZimmerArt,Einzelpreis) VALUES (30,'Queen',350);

-----------------------------
--  INSERT for Reisepass
-----------------------------
INSERT INTO Reisepass (REISEPASSID, LANDID) VALUES ('AAB183297',1);
INSERT INTO Reisepass (REISEPASSID, LANDID) VALUES ('AAC811035',1);
INSERT INTO Reisepass (REISEPASSID, LANDID) VALUES ('P4366918',2);
INSERT INTO Reisepass (REISEPASSID, LANDID) VALUES ('X9011980',2);
INSERT INTO Reisepass (REISEPASSID, LANDID) VALUES ('G62292599',6);
INSERT INTO Reisepass (REISEPASSID, LANDID) VALUES ('E59221789',6);
INSERT INTO Reisepass (REISEPASSID, LANDID) VALUES ('K9180748',16);
INSERT INTO Reisepass (REISEPASSID, LANDID) VALUES ('J8369854',16);
INSERT INTO Reisepass (REISEPASSID, LANDID) VALUES ('G8635244',16);
INSERT INTO Reisepass (REISEPASSID, LANDID) VALUES ('B6001598',44);
INSERT INTO Reisepass (REISEPASSID, LANDID) VALUES ('V1263473',43);
INSERT INTO Reisepass (REISEPASSID, LANDID) VALUES ('US292910',42);
INSERT INTO Reisepass (REISEPASSID, LANDID) VALUES ('US292912',42);
INSERT INTO Reisepass (REISEPASSID, LANDID) VALUES ('US292914',43);
INSERT INTO Reisepass (REISEPASSID, LANDID) VALUES ('US292915',25);
INSERT INTO Reisepass (REISEPASSID, LANDID) VALUES ('US292918',8);
INSERT INTO Reisepass (REISEPASSID, LANDID) VALUES ('T7391018',4);
INSERT INTO Reisepass (REISEPASSID, LANDID) VALUES ('T7391019',33);
INSERT INTO Reisepass (REISEPASSID, LANDID) VALUES ('T7300000',30);
INSERT INTO Reisepass (REISEPASSID, LANDID) VALUES ('F5300560',11);
INSERT INTO Reisepass (REISEPASSID, LANDID) VALUES ('F2300200',11);


-----------------------------
--  INSERT for Gehaltsstufe
-----------------------------
INSERT INTO Gehaltsstufe ( MONATSGEHALT) VALUES (142375/100);
INSERT INTO Gehaltsstufe ( MONATSGEHALT) VALUES (152387/100);
INSERT INTO Gehaltsstufe ( MONATSGEHALT) VALUES (162323/100);
INSERT INTO Gehaltsstufe ( MONATSGEHALT) VALUES (179210/100);
INSERT INTO Gehaltsstufe ( MONATSGEHALT) VALUES (189951/100);
INSERT INTO Gehaltsstufe ( MONATSGEHALT) VALUES (197392/100);
INSERT INTO Gehaltsstufe ( MONATSGEHALT) VALUES (200000/100);
INSERT INTO Gehaltsstufe ( MONATSGEHALT) VALUES (220000/100);
INSERT INTO Gehaltsstufe ( MONATSGEHALT) VALUES (246005/100);
INSERT INTO Gehaltsstufe ( MONATSGEHALT) VALUES (272121/100);
INSERT INTO Gehaltsstufe ( MONATSGEHALT) VALUES (284588/100);
INSERT INTO Gehaltsstufe ( MONATSGEHALT) VALUES (322112/100);
INSERT INTO Gehaltsstufe ( MONATSGEHALT) VALUES (372132/100);
INSERT INTO Gehaltsstufe ( MONATSGEHALT) VALUES (392198/100);

-----------------------------
--  INSERT for Abteilung
-----------------------------
INSERT INTO Abteilung ( BESCHREIBUNG) VALUES ('Einkauf');
INSERT INTO Abteilung ( BESCHREIBUNG) VALUES ('Empfang');
INSERT INTO Abteilung ( BESCHREIBUNG) VALUES ('Marketing');
INSERT INTO Abteilung ( BESCHREIBUNG) VALUES ('Personal');
INSERT INTO Abteilung ( BESCHREIBUNG) VALUES ('Housekeeping');
INSERT INTO Abteilung ( BESCHREIBUNG) VALUES ('Kueche');



-----------------------------
--  INSERT for Person
-----------------------------
INSERT INTO Person ( VORNAME, NACHNAME, SVN, GEBURTSDATUM, ADRESSID, EMAIL, TELEFON) VALUES ('Ivo','Ottaro',7329011294,to_date('01.12.1994','DD.MM.YYYY'),3,'Ottaro@gmx.at','+54-155-557-682');
INSERT INTO Person ( VORNAME, NACHNAME, SVN, GEBURTSDATUM, ADRESSID, EMAIL, TELEFON) VALUES ('Hoa','Blitza',2342234567,to_date('12.12.1989','DD.MM.YYYY'),8,'Hoa@ovooovo.com','+84-855-524-467');
INSERT INTO Person ( VORNAME, NACHNAME, SVN, GEBURTSDATUM, ADRESSID, EMAIL, TELEFON) VALUES ('Satveer','Digda',3425345678,to_date('03.01.1992','DD.MM.YYYY'),9,'Digda@rackabzar.com','+91-755-557-0348');
INSERT INTO Person ( VORNAME, NACHNAME, SVN, GEBURTSDATUM, ADRESSID, EMAIL, TELEFON) VALUES ('Meishen','Kapador',3499456789,to_date('23.06.1989','DD.MM.YYYY'),20,'Meishen.cata@wavleg.com','+86-135-557-44046');
INSERT INTO Person ( VORNAME, NACHNAME, SVN, GEBURTSDATUM, ADRESSID, EMAIL, TELEFON) VALUES ('Christian','Gapados',8957567890,to_date('24.06.1987','DD.MM.YYYY'),12,'Gapados@nproxi.com','+43-664-555-8440');
INSERT INTO Person ( VORNAME, NACHNAME, SVN, GEBURTSDATUM, ADRESSID, EMAIL, TELEFON) VALUES ('Sebastian','Paul',4785123456,to_date('23.03.1976','DD.MM.YYYY'),13,'Paul.raddadi.1e@roidirt.com','+43-681-555-66996');
INSERT INTO Person ( VORNAME, NACHNAME, SVN, GEBURTSDATUM, ADRESSID, EMAIL, TELEFON) VALUES ('Luka','Knofen',4375345678,to_date('03.02.1996','DD.MM.YYYY'),4,'6wwwkh@arcb.site','+93-715-555-79');
INSERT INTO Person ( VORNAME, NACHNAME, SVN, GEBURTSDATUM, ADRESSID, EMAIL, TELEFON) VALUES ('Shagha','Relaxo',5698235212,to_date('11.04.1988','DD.MM.YYYY'),5,'ukakau.rib@lbthomu.com','+43-676-555-9489');
INSERT INTO Person ( VORNAME, NACHNAME, SVN, GEBURTSDATUM, ADRESSID, EMAIL, TELEFON) VALUES ('Arti','Goldini',3485234109,to_date('03.12.1998','DD.MM.YYYY'),7,'7rayane@imchoke.com','+43-699-555-5013');
INSERT INTO Person ( VORNAME, NACHNAME, SVN, GEBURTSDATUM, ADRESSID, EMAIL, TELEFON) VALUES ('Michael','Flegmon',5768121212,to_date('08.06.1972','DD.MM.YYYY'),6,'Flegmon.loganet@packiu.com','+43-681-555-71726');
INSERT INTO Person ( VORNAME, NACHNAME, SVN, GEBURTSDATUM, ADRESSID, EMAIL, TELEFON) VALUES ('Elijas','Pummeluff',4758304302,to_date('10.09.1993','DD.MM.YYYY'),1,'Pummeluff.roussel5@taluabushop.com','+43-699-555-3167');
INSERT INTO Person ( VORNAME, NACHNAME, SVN, GEBURTSDATUM, ADRESSID, EMAIL, TELEFON) VALUES ('Thobias','Glazio',8479011011,to_date('02.10.1992','DD.MM.YYYY'),2,'6pretticoolr@ndmlpife.com','+43-680-555-94390');
INSERT INTO Person ( VORNAME, NACHNAME, SVN, GEBURTSDATUM, ADRESSID, EMAIL, TELEFON) VALUES ('Thomas','Evoli',8475120901,to_date('01.05.1969','DD.MM.YYYY'),10,'Evoli.qqw@roithsai.com','+43-650-555-79834');
INSERT INTO Person ( VORNAME, NACHNAME, SVN, GEBURTSDATUM, ADRESSID, EMAIL, TELEFON) VALUES ('Katja','Ditto',8435010101,to_date('02.08.1991','DD.MM.YYYY'),11,'Ditto@ilrlb.com','+43-688-555-47023');
INSERT INTO Person ( VORNAME, NACHNAME, SVN, GEBURTSDATUM, ADRESSID, EMAIL, TELEFON) VALUES ('Nicolaus','Bryan',8435010101,to_date('02.08.1991','DD.MM.YYYY'),11,'ngustavo.ma@azwau.site','+43-681-555-1953');
INSERT INTO Person ( VORNAME, NACHNAME, SVN, GEBURTSDATUM, ADRESSID, EMAIL, TELEFON) VALUES ('Faisal','Katona',8435010101,to_date('02.08.1991','DD.MM.YYYY'),11,'Katona@docg.site','+43-681-555-2637');
INSERT INTO Person ( VORNAME, NACHNAME, SVN, GEBURTSDATUM, ADRESSID, EMAIL, TELEFON) VALUES ('Iepthae','Nelissen',8435010101,to_date('02.08.1991','DD.MM.YYYY'),11,'fnarruot@zip1.site','+213-755-586-421');
INSERT INTO Person ( VORNAME, NACHNAME, SVN, GEBURTSDATUM, ADRESSID, EMAIL, TELEFON) VALUES ('Lionel','Messi',8435010101,to_date('02.08.1991','DD.MM.YYYY'),11,'gmido.hooota@lbthomu.com','+43-660-555-5762');
INSERT INTO Person ( VORNAME, NACHNAME, SVN, GEBURTSDATUM, ADRESSID, EMAIL, TELEFON) VALUES ('Sergio','Aguero',8435010101,to_date('02.08.1991','DD.MM.YYYY'),11,'8blaknovazd@motifasidiri.website','+994-505-555-6857');
INSERT INTO Person ( VORNAME, NACHNAME, SVN, GEBURTSDATUM, ADRESSID, EMAIL, TELEFON) VALUES ('Lewis','Hamilton',8435010101,to_date('02.08.1991','DD.MM.YYYY'),11,'Lewis44@storemail.ga','+376-355-580-227');
INSERT INTO Person ( VORNAME, NACHNAME, SVN, GEBURTSDATUM, ADRESSID, EMAIL, TELEFON) VALUES ('Alexander','Hamilton',8435010101,to_date('02.08.1991','DD.MM.YYYY'),11,'Alex.pi@skillion.org','+591-755-537-33');
INSERT INTO Person ( VORNAME, NACHNAME, SVN, GEBURTSDATUM, ADRESSID, EMAIL, TELEFON) VALUES ('Valteri','Bottas',8435010101,to_date('02.08.1991','DD.MM.YYYY'),11,'Bottas-moul@cakk.us','+973-663-555-65');
INSERT INTO Person ( VORNAME, NACHNAME, SVN, GEBURTSDATUM, ADRESSID, EMAIL, TELEFON) VALUES ('Sebastian','Vettel',8435010101,to_date('02.08.1991','DD.MM.YYYY'),11,'Vettel98767@gmailya.com','+53-555-553-2407');
INSERT INTO Person ( VORNAME, NACHNAME, SVN, GEBURTSDATUM, ADRESSID, EMAIL, TELEFON) VALUES ('Kobe','Bryant',8435010101,to_date('02.08.1991','DD.MM.YYYY'),11,'Kobe@zipir.site','+57-310-555-8021');
INSERT INTO Person ( VORNAME, NACHNAME, SVN, GEBURTSDATUM, ADRESSID, EMAIL, TELEFON) VALUES ('LeBron','James',8435010101,to_date('02.08.1991','DD.MM.YYYY'),11,'James@cuendita.com','+973-663-555-65');
INSERT INTO Person ( VORNAME, NACHNAME, SVN, GEBURTSDATUM, ADRESSID, EMAIL, TELEFON) VALUES ('George','Lucas',8435010101,to_date('02.08.1991','DD.MM.YYYY'),11,'Lucas@eiibps.com','+376-355-540-2246');
INSERT INTO Person ( VORNAME, NACHNAME, SVN, GEBURTSDATUM, ADRESSID, EMAIL, TELEFON) VALUES ('Giannis','Antetokoumpo',8435010101,to_date('02.08.1991','DD.MM.YYYY'),11,'Giannis.zi@gmailya.com','+994-705-558-07');
INSERT INTO Person ( VORNAME, NACHNAME, SVN, GEBURTSDATUM, ADRESSID, EMAIL, TELEFON) VALUES ('Carlos','Sainz',8435010101,to_date('02.08.1991','DD.MM.YYYY'),11,'Sainz@21jag.com','+1-246-555-3041');
INSERT INTO Person ( VORNAME, NACHNAME, SVN, GEBURTSDATUM, ADRESSID, EMAIL, TELEFON) VALUES ('Lance','Skiiwalker',8435010101,to_date('02.08.1991','DD.MM.YYYY'),11,'Lance@takevps.com','+380-505-559-306');
INSERT INTO Person ( VORNAME, NACHNAME, SVN, GEBURTSDATUM, ADRESSID, EMAIL, TELEFON) VALUES ('Kendrick','Lamar',8435010101,to_date('02.08.1991','DD.MM.YYYY'),11,'Lamar@halumail.com','+61-455-574-355');
INSERT INTO Person ( VORNAME, NACHNAME, SVN, GEBURTSDATUM, ADRESSID, EMAIL, TELEFON) VALUES ('Frank','Ocean',8435010101,to_date('02.08.1991','DD.MM.YYYY'),11,'nltn@uftploqft.tk','+263-715-558-42');
INSERT INTO Person (VORNAME, NACHNAME, SVN, GEBURTSDATUM, ADRESSID, EMAIL, TELEFON) VALUES ('Jermaine','Cole',8435010101,to_date('02.08.1991','DD.MM.YYYY'),11,'Cole24x@ikimaru.com','+374-975-553');
INSERT INTO Person (VORNAME, NACHNAME, SVN, GEBURTSDATUM, ADRESSID, EMAIL, TELEFON) VALUES ('Jabbari','Al-Amin',8435010101,to_date('02.08.1991','DD.MM.YYYY'),11,'Jabbari@hometivis.com','+380-505-559-306');


-----------------------------
--  INSERT for Bankinformation
-----------------------------
INSERT INTO Bankinformation ( KONTONR, IBAN, BANKNAME, ADRESSID) VALUES (630000000000000,'AT000000000000000000','Erste Bank',22);
INSERT INTO Bankinformation ( KONTONR, IBAN, BANKNAME, ADRESSID) VALUES (633522819237634,'AT071234123412341234','Erste Bank',22);
INSERT INTO Bankinformation ( KONTONR, IBAN, BANKNAME, ADRESSID) VALUES (633457919237634,'AT071234123412343842','Erste Bank',22);
INSERT INTO Bankinformation ( KONTONR, IBAN, BANKNAME, ADRESSID) VALUES (634579329340094,'AT071234123234238972','Erste Bank',22);
INSERT INTO Bankinformation ( KONTONR, IBAN, BANKNAME, ADRESSID) VALUES (633537498232131,'AT071232323234238972','Bank of Austria',23);
INSERT INTO Bankinformation ( KONTONR, IBAN, BANKNAME, ADRESSID) VALUES (633594758786212,'AT071235653234238972','Bank of Austria',23);
INSERT INTO Bankinformation ( KONTONR, IBAN, BANKNAME, ADRESSID) VALUES (633529347927231,'AT071275651232342389','Bank of Austria',23);
INSERT INTO Bankinformation ( KONTONR, IBAN, BANKNAME, ADRESSID) VALUES (633537498232139,'AT942060464453795139','Raiffeisenbank',24);
INSERT INTO Bankinformation ( KONTONR, IBAN, BANKNAME, ADRESSID) VALUES (633594758786218,'AT183621833298369432','Raiffeisenbank',24);
INSERT INTO Bankinformation ( KONTONR, IBAN, BANKNAME, ADRESSID) VALUES (633529347927237,'AT496616397537985356','Raiffeisenbank',24);
INSERT INTO Bankinformation ( KONTONR, IBAN, BANKNAME, ADRESSID) VALUES (633537498232136,'AT231400079756393461','Raiffeisenbank',24);
INSERT INTO Bankinformation ( KONTONR, IBAN, BANKNAME, ADRESSID) VALUES (633594758786215,'AT923621828694129337','Raiffeisenbank',24);
INSERT INTO Bankinformation ( KONTONR, IBAN, BANKNAME, ADRESSID) VALUES (633529347927000,'AT922250046562944578','Raiffeisenbank',24);
INSERT INTO Bankinformation ( KONTONR, IBAN, BANKNAME, ADRESSID) VALUES (633529300000000,'ES120081792395134463','BBVA',22);
INSERT INTO Bankinformation ( KONTONR, IBAN, BANKNAME, ADRESSID) VALUES (633529347927001,'ES120081792395134464','BBVA',22);
INSERT INTO Bankinformation ( KONTONR, IBAN, BANKNAME, ADRESSID) VALUES (633529347927002,'BE28456811481920','BNP Paribas',20);
INSERT INTO Bankinformation ( KONTONR, IBAN, BANKNAME, ADRESSID) VALUES (633529347927003,'BE28456811481926','BNP Paribas',20);
INSERT INTO Bankinformation ( KONTONR, IBAN, BANKNAME, ADRESSID) VALUES (633529347927004,'EG464992275741144579','National Bank of Egypt',25);
INSERT INTO Bankinformation ( KONTONR, IBAN, BANKNAME, ADRESSID) VALUES (633529347927005,'EG464992275741144590','National Bank of Egypt',25);
INSERT INTO Bankinformation ( KONTONR, IBAN, BANKNAME, ADRESSID) VALUES (633529347927006,'EG464992275741144591','National Bank of Egypt',25);
INSERT INTO Bankinformation ( KONTONR, IBAN, BANKNAME, ADRESSID) VALUES (633529347927007,'DK6950517575562648','Danske Bank',26);
INSERT INTO Bankinformation ( KONTONR, IBAN, BANKNAME, ADRESSID) VALUES (633529347927008,'DK6950517575562649','Danske Bank',26);
INSERT INTO Bankinformation ( KONTONR, IBAN, BANKNAME, ADRESSID) VALUES (633529347927009,'DK6950517575562650','Danske Bank',26);
INSERT INTO Bankinformation ( KONTONR, IBAN, BANKNAME, ADRESSID) VALUES (633529347927010,'DK6950517575562651','Danske Bank',26);
INSERT INTO Bankinformation ( KONTONR, IBAN, BANKNAME, ADRESSID) VALUES (633529347927011,'GR060103811671257','Piraeus Bank',26);
INSERT INTO Bankinformation ( KONTONR, IBAN, BANKNAME, ADRESSID) VALUES (633529347927012,'IE05BOFI900017457675','Irish Bank',11);
INSERT INTO Bankinformation ( KONTONR, IBAN, BANKNAME, ADRESSID) VALUES (633529347927013,'SE716559657373756436','SEB Bank',12);
INSERT INTO Bankinformation ( KONTONR, IBAN, BANKNAME, ADRESSID) VALUES (633529347927014,'SE716559657373756400','Nordea Bank',21);
INSERT INTO Bankinformation ( KONTONR, IBAN, BANKNAME, ADRESSID) VALUES (633529347927015,'SE416559657373756400','Nordea Bank',21);
INSERT INTO Bankinformation ( KONTONR, IBAN, BANKNAME, ADRESSID) VALUES (633529347927016,'SE516559657373756400','Nordea Bank',21);
INSERT INTO Bankinformation ( KONTONR, IBAN, BANKNAME, ADRESSID) VALUES (633529347927017,'SE616559657373756400','Nordea Bank',21);
INSERT INTO Bankinformation ( KONTONR, IBAN, BANKNAME, ADRESSID) VALUES (733529347927017,'PL041090240299793854','PolskaBank',19);
INSERT INTO Bankinformation ( KONTONR, IBAN, BANKNAME, ADRESSID) VALUES (833529347927017,'PL041090240299793855','PolskaBank',19);
INSERT INTO Bankinformation ( KONTONR, IBAN, BANKNAME, ADRESSID) VALUES (933529347927017,'PL041090240299793856','PolskaBank',19);
INSERT INTO Bankinformation ( KONTONR, IBAN, BANKNAME, ADRESSID) VALUES (133529347927011,'CH0489144868621335166','Credit Suisse',17);
INSERT INTO Bankinformation ( KONTONR, IBAN, BANKNAME, ADRESSID) VALUES (133529347927012,'CH0489144868621335167','Credit Suisse',17);
INSERT INTO Bankinformation ( KONTONR, IBAN, BANKNAME, ADRESSID) VALUES (33529347927013,'CH0489144868621335162','Credit Suisse',17);
INSERT INTO Bankinformation ( KONTONR, IBAN, BANKNAME, ADRESSID) VALUES (133529347927014,'CH0489144868621335168','Credit Suisse',17);
INSERT INTO Bankinformation ( KONTONR, IBAN, BANKNAME, ADRESSID) VALUES (133529347927015,'CH0489144868621335169','Credit Suisse',17);
INSERT INTO Bankinformation ( KONTONR, IBAN, BANKNAME, ADRESSID) VALUES (133529347927016,'CH0489144868621335161','Credit Suisse',17);


-----------------------------
--  INSERT for Personal
-----------------------------
INSERT INTO Personal (PERSONID, GEHALTSSTUFEID, KONTOID, ABTEILUNGSID) VALUES (1, 15, 510, 102);
INSERT INTO Personal (PERSONID, GEHALTSSTUFEID, KONTOID, ABTEILUNGSID) VALUES (2, 19, 511, 103);
INSERT INTO Personal (PERSONID, GEHALTSSTUFEID, KONTOID, ABTEILUNGSID) VALUES (3, 20, 512, 104);
INSERT INTO Personal (PERSONID, GEHALTSSTUFEID, KONTOID, ABTEILUNGSID) VALUES (4, 20, 513, 104);
INSERT INTO Personal (PERSONID, GEHALTSSTUFEID, KONTOID, ABTEILUNGSID) VALUES (5, 16, 514, 106);
INSERT INTO Personal (PERSONID, GEHALTSSTUFEID, KONTOID, ABTEILUNGSID) VALUES (6, 16, 515, 106);
INSERT INTO Personal (PERSONID, GEHALTSSTUFEID, KONTOID, ABTEILUNGSID) VALUES (7, 14, 516, 105);
INSERT INTO Personal (PERSONID, GEHALTSSTUFEID, KONTOID, ABTEILUNGSID) VALUES (8, 14, 517, 105);
INSERT INTO Personal (PERSONID, GEHALTSSTUFEID, KONTOID, ABTEILUNGSID) VALUES (9, 14, 518, 105);



-----------------------------
--  INSERT for Gast
-----------------------------
INSERT INTO Gast (PERSONID, REISEPASSID, KONTOID) VALUES (10,'AAB183297', 519);
INSERT INTO Gast (PERSONID, REISEPASSID, KONTOID) VALUES (11, 'AAC811035', 520);
INSERT INTO Gast (PERSONID, REISEPASSID, KONTOID) VALUES (12, 'P4366918',521);
INSERT INTO Gast (PERSONID, REISEPASSID, KONTOID) VALUES (13, 'X9011980',522);
INSERT INTO Gast (PERSONID, REISEPASSID, KONTOID) VALUES (14, 'G62292599',523);
INSERT INTO Gast (PERSONID, REISEPASSID, KONTOID) VALUES (15, 'E59221789',524);
INSERT INTO Gast (PERSONID, REISEPASSID, KONTOID) VALUES (16, 'K9180748',525);
INSERT INTO Gast (PERSONID, REISEPASSID, KONTOID) VALUES (17, 'J8369854',526);
INSERT INTO Gast (PERSONID, REISEPASSID, KONTOID) VALUES (18, 'G8635244',527);
INSERT INTO Gast (PERSONID, REISEPASSID, KONTOID) VALUES (19, 'B6001598',528);
INSERT INTO Gast (PERSONID, REISEPASSID, KONTOID) VALUES (20, 'V1263473',529);
INSERT INTO Gast (PERSONID, REISEPASSID, KONTOID) VALUES (22, 'US292910',530);
INSERT INTO Gast (PERSONID, REISEPASSID, KONTOID) VALUES (23, 'US292912',531);
INSERT INTO Gast (PERSONID, REISEPASSID, KONTOID) VALUES (24, 'US292914',532);
INSERT INTO Gast (PERSONID, REISEPASSID, KONTOID) VALUES (25, 'US292915',533);
INSERT INTO Gast (PERSONID, REISEPASSID, KONTOID) VALUES (26, 'US292918',534);
INSERT INTO Gast (PERSONID, REISEPASSID, KONTOID) VALUES (27, 'T7391018',535);
INSERT INTO Gast (PERSONID, REISEPASSID, KONTOID) VALUES (28, 'T7391019',536);
INSERT INTO Gast (PERSONID, REISEPASSID, KONTOID) VALUES (29, 'T7300000',537);
INSERT INTO Gast (PERSONID, REISEPASSID, KONTOID) VALUES (30, 'F5300560',538);
INSERT INTO Gast (PERSONID, REISEPASSID, KONTOID) VALUES (31, 'F2300200',539);


-----------------------------
--  INSERT for Lieferanten
-----------------------------
INSERT INTO Lieferanten ( LIEFERANTENNAME, ADRESSID, KONTOID) VALUES ('Costa Cafe', 1, 501);
INSERT INTO Lieferanten ( LIEFERANTENNAME, ADRESSID, KONTOID) VALUES ('Helio Glass', 2, 502);
INSERT INTO Lieferanten ( LIEFERANTENNAME, ADRESSID, KONTOID) VALUES ('Coyote Furniture', 3, 503);
INSERT INTO Lieferanten ( LIEFERANTENNAME, ADRESSID, KONTOID) VALUES ('Light Ideas', 4, 504);
INSERT INTO Lieferanten ( LIEFERANTENNAME, ADRESSID, KONTOID) VALUES ('Bed-Tripod', 5, 505);
INSERT INTO Lieferanten ( LIEFERANTENNAME, ADRESSID, KONTOID) VALUES ('Tri-Bad', 6, 506);
INSERT INTO Lieferanten ( LIEFERANTENNAME, ADRESSID, KONTOID) VALUES ('Samsong', 7, 507);
INSERT INTO Lieferanten ( LIEFERANTENNAME, ADRESSID, KONTOID) VALUES ('Whirlpul', 8, 508);
INSERT INTO Lieferanten ( LIEFERANTENNAME, ADRESSID, KONTOID) VALUES ('Boschh', 9, 509);


-----------------------------
--  INSERT for Rechnung
-----------------------------

--  Bestellungen

INSERT INTO Rechnung ( RECHNUNGSSUMME, AUSSTELLUNGSDATUM, EMPFAENGERKONTOID, AUSSTELLERKONTOID)
	VALUES (20, to_date('15.02.2021','DD.MM.YYYY'),500, 501); 
INSERT INTO Rechnung ( RECHNUNGSSUMME, AUSSTELLUNGSDATUM, EMPFAENGERKONTOID, AUSSTELLERKONTOID)
	VALUES (20, to_date('10.07.2020','DD.MM.YYYY'),500, 502); 
INSERT INTO Rechnung ( RECHNUNGSSUMME, AUSSTELLUNGSDATUM, EMPFAENGERKONTOID, AUSSTELLERKONTOID)
	VALUES (100, to_date('10.08.2020','DD.MM.YYYY'),500, 503); 
INSERT INTO Rechnung ( RECHNUNGSSUMME, AUSSTELLUNGSDATUM, EMPFAENGERKONTOID, AUSSTELLERKONTOID)
	VALUES (500, to_date('17.05.2021','DD.MM.YYYY'),500, 504); 
INSERT INTO Rechnung ( RECHNUNGSSUMME, AUSSTELLUNGSDATUM, EMPFAENGERKONTOID, AUSSTELLERKONTOID)
	VALUES (120, to_date('09.07.2021','DD.MM.YYYY'),500, 505); 
INSERT INTO Rechnung ( RECHNUNGSSUMME, AUSSTELLUNGSDATUM, EMPFAENGERKONTOID, AUSSTELLERKONTOID)
	VALUES (500, to_date('22.04.2021','DD.MM.YYYY'),500, 506);
INSERT INTO Rechnung ( RECHNUNGSSUMME, AUSSTELLUNGSDATUM, EMPFAENGERKONTOID, AUSSTELLERKONTOID)
	VALUES (250, to_date('09.07.2021','DD.MM.YYYY'),500, 507);
INSERT INTO Rechnung ( RECHNUNGSSUMME, AUSSTELLUNGSDATUM, EMPFAENGERKONTOID, AUSSTELLERKONTOID)
	VALUES (75, to_date('04.08.2020','DD.MM.YYYY'),500, 508); 	
INSERT INTO Rechnung ( RECHNUNGSSUMME, AUSSTELLUNGSDATUM, EMPFAENGERKONTOID, AUSSTELLERKONTOID)
	VALUES (340, to_date('09.07.2020','DD.MM.YYYY'),500, 509); 
	
-- Gaeste

INSERT INTO Rechnung ( RECHNUNGSSUMME, AUSSTELLUNGSDATUM, EMPFAENGERKONTOID, AUSSTELLERKONTOID)
	VALUES (150, to_date('12/01/2021','DD.MM.YYYY'),510, 500);
INSERT INTO Rechnung ( RECHNUNGSSUMME, AUSSTELLUNGSDATUM, EMPFAENGERKONTOID, AUSSTELLERKONTOID)
	VALUES (280, to_date('12/05/2021','DD.MM.YYYY'),511, 500); 
INSERT INTO Rechnung ( RECHNUNGSSUMME, AUSSTELLUNGSDATUM, EMPFAENGERKONTOID, AUSSTELLERKONTOID)
	VALUES (750, to_date('22/02/2021','DD.MM.YYYY'),512, 500);
INSERT INTO Rechnung ( RECHNUNGSSUMME, AUSSTELLUNGSDATUM, EMPFAENGERKONTOID, AUSSTELLERKONTOID)
	VALUES (150, to_date('08/02/2021','DD.MM.YYYY'),513, 500);
INSERT INTO Rechnung ( RECHNUNGSSUMME, AUSSTELLUNGSDATUM, EMPFAENGERKONTOID, AUSSTELLERKONTOID)
	VALUES (2500, to_date('15/01/2021','DD.MM.YYYY'),514, 500);
INSERT INTO Rechnung ( RECHNUNGSSUMME, AUSSTELLUNGSDATUM, EMPFAENGERKONTOID, AUSSTELLERKONTOID)
	VALUES (890, to_date('13/07/2020','DD.MM.YYYY'),515, 500);
INSERT INTO Rechnung ( RECHNUNGSSUMME, AUSSTELLUNGSDATUM, EMPFAENGERKONTOID, AUSSTELLERKONTOID)
	VALUES (250, to_date('30/11/2020','DD.MM.YYYY'),516, 500);
INSERT INTO Rechnung ( RECHNUNGSSUMME, AUSSTELLUNGSDATUM, EMPFAENGERKONTOID, AUSSTELLERKONTOID)
	VALUES (340, to_date('22/03/2021','DD.MM.YYYY'),517, 500);
INSERT INTO Rechnung ( RECHNUNGSSUMME, AUSSTELLUNGSDATUM, EMPFAENGERKONTOID, AUSSTELLERKONTOID)
	VALUES (770, to_date('12/05/2021','DD.MM.YYYY'),518, 500);
INSERT INTO Rechnung ( RECHNUNGSSUMME, AUSSTELLUNGSDATUM, EMPFAENGERKONTOID, AUSSTELLERKONTOID)
	VALUES (860, to_date('12/01/2021','DD.MM.YYYY'),519, 500);
INSERT INTO Rechnung ( RECHNUNGSSUMME, AUSSTELLUNGSDATUM, EMPFAENGERKONTOID, AUSSTELLERKONTOID)
	VALUES (80, to_date('14/04/2021','DD.MM.YYYY'),520, 500);
INSERT INTO Rechnung ( RECHNUNGSSUMME, AUSSTELLUNGSDATUM, EMPFAENGERKONTOID, AUSSTELLERKONTOID)
	VALUES (3500, to_date('18/06/2021','DD.MM.YYYY'),521, 500);
INSERT INTO Rechnung ( RECHNUNGSSUMME, AUSSTELLUNGSDATUM, EMPFAENGERKONTOID, AUSSTELLERKONTOID)
	VALUES (1500, to_date('19/07/2020','DD.MM.YYYY'),522, 500);
INSERT INTO Rechnung ( RECHNUNGSSUMME, AUSSTELLUNGSDATUM, EMPFAENGERKONTOID, AUSSTELLERKONTOID)
	VALUES (650, to_date('17/10/2020','DD.MM.YYYY'),523, 500);
INSERT INTO Rechnung ( RECHNUNGSSUMME, AUSSTELLUNGSDATUM, EMPFAENGERKONTOID, AUSSTELLERKONTOID)
	VALUES (450, to_date('12/01/2021','DD.MM.YYYY'),524, 500);
INSERT INTO Rechnung ( RECHNUNGSSUMME, AUSSTELLUNGSDATUM, EMPFAENGERKONTOID, AUSSTELLERKONTOID)
	VALUES (890, to_date('24/07/2020','DD.MM.YYYY'),525, 500);
INSERT INTO Rechnung ( RECHNUNGSSUMME, AUSSTELLUNGSDATUM, EMPFAENGERKONTOID, AUSSTELLERKONTOID)
	VALUES (1200, to_date('17/09/2020','DD.MM.YYYY'),526, 500);
INSERT INTO Rechnung ( RECHNUNGSSUMME, AUSSTELLUNGSDATUM, EMPFAENGERKONTOID, AUSSTELLERKONTOID)
	VALUES (2300, to_date('18/11/2020','DD.MM.YYYY'),527, 500);
INSERT INTO Rechnung ( RECHNUNGSSUMME, AUSSTELLUNGSDATUM, EMPFAENGERKONTOID, AUSSTELLERKONTOID)
	VALUES (650, to_date('19/06/2021','DD.MM.YYYY'),528, 500);
INSERT INTO Rechnung ( RECHNUNGSSUMME, AUSSTELLUNGSDATUM, EMPFAENGERKONTOID, AUSSTELLERKONTOID)
	VALUES (80, to_date('28/01/2021','DD.MM.YYYY'),529, 500);
INSERT INTO Rechnung ( RECHNUNGSSUMME, AUSSTELLUNGSDATUM, EMPFAENGERKONTOID, AUSSTELLERKONTOID)
	VALUES (354, to_date('15/12/2020','DD.MM.YYYY'),530, 500);
INSERT INTO Rechnung ( RECHNUNGSSUMME, AUSSTELLUNGSDATUM, EMPFAENGERKONTOID, AUSSTELLERKONTOID)
	VALUES (222, to_date('21/03/2021','DD.MM.YYYY'),531, 500);


-----------------------------
--  INSERT for Bestellung
-----------------------------
INSERT INTO Bestellung ( LIEFERANTENID, ADRESSID, RECHNUNGSID)
	VALUES (107, 1, 200);

INSERT INTO Bestellung ( LIEFERANTENID, ADRESSID, RECHNUNGSID)
	VALUES (101, 2, 201);

INSERT INTO Bestellung ( LIEFERANTENID, ADRESSID, RECHNUNGSID)
	VALUES (101, 3, 202);

INSERT INTO Bestellung ( LIEFERANTENID, ADRESSID, RECHNUNGSID)
	VALUES (104, 4, 203);

INSERT INTO Bestellung ( LIEFERANTENID, ADRESSID, RECHNUNGSID)
	VALUES (105, 5, 204);

INSERT INTO Bestellung ( LIEFERANTENID, ADRESSID, RECHNUNGSID)
	VALUES (106, 6, 205);

INSERT INTO Bestellung ( LIEFERANTENID, ADRESSID, RECHNUNGSID)
	VALUES (107, 7, 206);

INSERT INTO Bestellung ( LIEFERANTENID, ADRESSID, RECHNUNGSID)
	VALUES (108, 8, 207);

INSERT INTO Bestellung ( LIEFERANTENID, ADRESSID, RECHNUNGSID)
	VALUES (103, 9, 208);
	
		



------------------------------
--  INSERT for Zimmerbuchung
------------------------------
INSERT INTO Zimmerbuchung (Buchungsdatum,PersonID,RechnungsID,Buchungspreis) VALUES (TO_DATE('12/01/2021','DD/MM/YYYY'),10,209,150);
INSERT INTO Zimmerbuchung (Buchungsdatum,PersonID,RechnungsID,Buchungspreis) VALUES (TO_DATE('12/05/2021','DD/MM/YYYY'),11,210,280);
INSERT INTO Zimmerbuchung (Buchungsdatum,PersonID,RechnungsID,Buchungspreis) VALUES (TO_DATE('22/02/2021','DD/MM/YYYY'),12,211,750);
INSERT INTO Zimmerbuchung (Buchungsdatum,PersonID,RechnungsID,Buchungspreis) VALUES (TO_DATE('08/02/2021','DD/MM/YYYY'),13,212,150);
INSERT INTO Zimmerbuchung (Buchungsdatum,PersonID,RechnungsID,Buchungspreis) VALUES (TO_DATE('15/01/2021','DD/MM/YYYY'),14,213,2500);
INSERT INTO Zimmerbuchung (Buchungsdatum,PersonID,RechnungsID,Buchungspreis) VALUES (TO_DATE('13/07/2020','DD/MM/YYYY'),15,214,890);
INSERT INTO Zimmerbuchung (Buchungsdatum,PersonID,RechnungsID,Buchungspreis) VALUES (TO_DATE('30/11/2020','DD/MM/YYYY'),16,215,250);
INSERT INTO Zimmerbuchung (Buchungsdatum,PersonID,RechnungsID,Buchungspreis) VALUES (TO_DATE('22/03/2021','DD/MM/YYYY'),17,216,340);
INSERT INTO Zimmerbuchung (Buchungsdatum,PersonID,RechnungsID,Buchungspreis) VALUES (TO_DATE('12/05/2021','DD/MM/YYYY'),18,217,770);
INSERT INTO Zimmerbuchung (Buchungsdatum,PersonID,RechnungsID,Buchungspreis) VALUES (TO_DATE('12/01/2021','DD/MM/YYYY'),19,218,860);
INSERT INTO Zimmerbuchung (Buchungsdatum,PersonID,RechnungsID,Buchungspreis) VALUES (TO_DATE('14/04/2021','DD/MM/YYYY'),20,219,80);
INSERT INTO Zimmerbuchung (Buchungsdatum,PersonID,RechnungsID,Buchungspreis) VALUES (TO_DATE('18/06/2021','DD/MM/YYYY'),21,220,3500);
INSERT INTO Zimmerbuchung (Buchungsdatum,PersonID,RechnungsID,Buchungspreis) VALUES (TO_DATE('19/07/2020','DD/MM/YYYY'),22,221,1500);
INSERT INTO Zimmerbuchung (Buchungsdatum,PersonID,RechnungsID,Buchungspreis) VALUES (TO_DATE('17/10/2020','DD/MM/YYYY'),23,222,650);
INSERT INTO Zimmerbuchung (Buchungsdatum,PersonID,RechnungsID,Buchungspreis) VALUES (TO_DATE('12/01/2021','DD/MM/YYYY'),24,223,450);
INSERT INTO Zimmerbuchung (Buchungsdatum,PersonID,RechnungsID,Buchungspreis) VALUES (TO_DATE('24/07/2020','DD/MM/YYYY'),25,224,890);
INSERT INTO Zimmerbuchung (Buchungsdatum,PersonID,RechnungsID,Buchungspreis) VALUES (TO_DATE('17/09/2020','DD/MM/YYYY'),26,225,1200);
INSERT INTO Zimmerbuchung (Buchungsdatum,PersonID,RechnungsID,Buchungspreis) VALUES (TO_DATE('18/11/2020','DD/MM/YYYY'),27,226,2300);
INSERT INTO Zimmerbuchung (Buchungsdatum,PersonID,RechnungsID,Buchungspreis) VALUES (TO_DATE('19/06/2021','DD/MM/YYYY'),28,227,650);
INSERT INTO Zimmerbuchung (Buchungsdatum,PersonID,RechnungsID,Buchungspreis) VALUES (TO_DATE('28/01/2021','DD/MM/YYYY'),29,228,80);
INSERT INTO Zimmerbuchung (Buchungsdatum,PersonID,RechnungsID,Buchungspreis) VALUES (TO_DATE('15/12/2020','DD/MM/YYYY'),30,229,354);
INSERT INTO Zimmerbuchung (Buchungsdatum,PersonID,RechnungsID,Buchungspreis) VALUES (TO_DATE('21/03/2021','DD/MM/YYYY'),31,230,222);


-------------------------------------
--  INSERT for Zimmerbuchungsdetails
-------------------------------------

INSERT INTO Zimmerbuchungsdetails (Zimmernr,BuchungsID,CheckIn,CheckOut,DauerTagen,Anzahl,Preis) VALUES (1,1,TO_DATE('12/01/2021','DD/MM/YYYY'),TO_DATE('14/01/2021','DD/MM/YYYY'),2,1,100);
INSERT INTO Zimmerbuchungsdetails (Zimmernr,BuchungsID,CheckIn,CheckOut,DauerTagen,Anzahl,Preis) VALUES (17,2,TO_DATE('12/06/2021','DD/MM/YYYY'),TO_DATE('17/06/2021','DD/MM/YYYY'),5,1,250);
INSERT INTO Zimmerbuchungsdetails (Zimmernr,BuchungsID,CheckIn,CheckOut,DauerTagen,Anzahl,Preis) VALUES (1,3,TO_DATE('15/08/2020','DD/MM/YYYY'),TO_DATE('18/08/2020','DD/MM/YYYY'),3,1,450);
INSERT INTO Zimmerbuchungsdetails (Zimmernr,BuchungsID,CheckIn,CheckOut,DauerTagen,Anzahl,Preis) VALUES (3,4,TO_DATE('12/01/20201','DD/MM/YYYY'),TO_DATE('14/01/2021','DD/MM/YYYY'),2,1,100);
INSERT INTO Zimmerbuchungsdetails (Zimmernr,BuchungsID,CheckIn,CheckOut,DauerTagen,Anzahl,Preis) VALUES (13,5,TO_DATE('07/05/2020','DD/MM/YYYY'),TO_DATE('12/05/2020','DD/MM/YYYY'),5,1,2250);
INSERT INTO Zimmerbuchungsdetails (Zimmernr,BuchungsID,CheckIn,CheckOut,DauerTagen,Anzahl,Preis) VALUES (10,6,TO_DATE('05/08/2020','DD/MM/YYYY'),TO_DATE('14/08/2020','DD/MM/YYYY'),2,1,700);
INSERT INTO Zimmerbuchungsdetails (Zimmernr,BuchungsID,CheckIn,CheckOut,DauerTagen,Anzahl,Preis) VALUES (18,7,TO_DATE('17/01/2021','DD/MM/YYYY'),TO_DATE('18/01/2021','DD/MM/YYYY'),1,1,180);
INSERT INTO Zimmerbuchungsdetails (Zimmernr,BuchungsID,CheckIn,CheckOut,DauerTagen,Anzahl,Preis) VALUES (21,8,TO_DATE('22/03/2021','DD/MM/YYYY'),TO_DATE('28/03/2021','DD/MM/YYYY'),6,1,300);
INSERT INTO Zimmerbuchungsdetails (Zimmernr,BuchungsID,CheckIn,CheckOut,DauerTagen,Anzahl,Preis) VALUES (6,9,TO_DATE('12/05/2021','DD/MM/YYYY'),TO_DATE('16/05/2021','DD/MM/YYYY'),4,1,560);
INSERT INTO Zimmerbuchungsdetails (Zimmernr,BuchungsID,CheckIn,CheckOut,DauerTagen,Anzahl,Preis) VALUES (5,10,TO_DATE('15/09/2020','DD/MM/YYYY'),TO_DATE('22/09/2020','DD/MM/YYYY'),7,1,686);
INSERT INTO Zimmerbuchungsdetails (Zimmernr,BuchungsID,CheckIn,CheckOut,DauerTagen,Anzahl,Preis) VALUES (1,11,TO_DATE('20/08/2020','DD/MM/YYYY'),TO_DATE('23/08/2020','DD/MM/YYYY'),1,1,50);
INSERT INTO Zimmerbuchungsdetails (Zimmernr,BuchungsID,CheckIn,CheckOut,DauerTagen,Anzahl,Preis) VALUES (19,12,TO_DATE('22/06/2021','DD/MM/YYYY'),TO_DATE('29/06/2021','DD/MM/YYYY'),7,2,3150);
INSERT INTO Zimmerbuchungsdetails (Zimmernr,BuchungsID,CheckIn,CheckOut,DauerTagen,Anzahl,Preis) VALUES (25,13,TO_DATE('14/11/2020','DD/MM/YYYY'),TO_DATE('20/11/2020','DD/MM/YYYY'),6,2,1176);
INSERT INTO Zimmerbuchungsdetails (Zimmernr,BuchungsID,CheckIn,CheckOut,DauerTagen,Anzahl,Preis) VALUES (18,14,TO_DATE('18/10/2020','DD/MM/YYYY'),TO_DATE('21/10/2020','DD/MM/YYYY'),3,1,540);
INSERT INTO Zimmerbuchungsdetails (Zimmernr,BuchungsID,CheckIn,CheckOut,DauerTagen,Anzahl,Preis) VALUES (19,15,TO_DATE('19/05/2021','DD/MM/YYYY'),TO_DATE('20/05/2021','DD/MM/YYYY'),1,1,450);
INSERT INTO Zimmerbuchungsdetails (Zimmernr,BuchungsID,CheckIn,CheckOut,DauerTagen,Anzahl,Preis) VALUES (27,16,TO_DATE('18/08/2020','DD/MM/YYYY'),TO_DATE('23/08/2020','DD/MM/YYYY'),5,1,700);
INSERT INTO Zimmerbuchungsdetails (Zimmernr,BuchungsID,CheckIn,CheckOut,DauerTagen,Anzahl,Preis) VALUES (7,17,TO_DATE('13/01/2021','DD/MM/YYYY'),TO_DATE('20/01/2021','DD/MM/YYYY'),7,1,980);
INSERT INTO Zimmerbuchungsdetails (Zimmernr,BuchungsID,CheckIn,CheckOut,DauerTagen,Anzahl,Preis) VALUES (10,18,TO_DATE('23/11/2020','DD/MM/YYYY'),TO_DATE('26/11/2020','DD/MM/YYYY'),3,2,2100);
INSERT INTO Zimmerbuchungsdetails (Zimmernr,BuchungsID,CheckIn,CheckOut,DauerTagen,Anzahl,Preis) VALUES (8,19,TO_DATE('21/06/2021','DD/MM/YYYY'),TO_DATE('25/06/2021','DD/MM/YYYY'),4,1,560);
INSERT INTO Zimmerbuchungsdetails (Zimmernr,BuchungsID,CheckIn,CheckOut,DauerTagen,Anzahl,Preis) VALUES (16,20,TO_DATE('30/03/2021','DD/MM/YYYY'),TO_DATE('31/03/2021','DD/MM/YYYY'),1,1,50);
INSERT INTO Zimmerbuchungsdetails (Zimmernr,BuchungsID,CheckIn,CheckOut,DauerTagen,Anzahl,Preis) VALUES (12,21,TO_DATE('16/12/2020','DD/MM/YYYY'),TO_DATE('19/12/2020','DD/MM/YYYY'),3,1,294);
INSERT INTO Zimmerbuchungsdetails (Zimmernr,BuchungsID,CheckIn,CheckOut,DauerTagen,Anzahl,Preis) VALUES (15,22,TO_DATE('03/07/2020','DD/MM/YYYY'),TO_DATE('07/07/2020','DD/MM/YYYY'),4,1,200);



------------------------------
--  INSERT for Servicedetails
------------------------------
INSERT INTO Servicedetails (BuchungsID,ServiceID,Anzahl,Preis) VALUES (1,3,1,50);

INSERT INTO Servicedetails (BuchungsID,ServiceID,Anzahl,Preis) VALUES (2,8,1,30);
INSERT INTO Servicedetails (BuchungsID,ServiceID,Anzahl,Preis) VALUES (3,11,2,300);
INSERT INTO Servicedetails (BuchungsID,ServiceID,Anzahl,Preis) VALUES (4,11,1,150);
INSERT INTO Servicedetails (BuchungsID,ServiceID,Anzahl,Preis) VALUES (5,3,5,250);
INSERT INTO Servicedetails (BuchungsID,ServiceID,Anzahl,Preis) VALUES (6,15,19,190);
INSERT INTO Servicedetails (BuchungsID,ServiceID,Anzahl,Preis) VALUES (7,9,7,70);
INSERT INTO Servicedetails (BuchungsID,ServiceID,Anzahl,Preis) VALUES (8,5,1,40);
INSERT INTO Servicedetails (BuchungsID,ServiceID,Anzahl,Preis) VALUES (9,3,4,210);
INSERT INTO Servicedetails (BuchungsID,ServiceID,Anzahl,Preis) VALUES (10,8,2,60);
INSERT INTO Servicedetails (BuchungsID,ServiceID,Anzahl,Preis) VALUES (11,8,1,30);
INSERT INTO Servicedetails (BuchungsID,ServiceID,Anzahl,Preis) VALUES (12,11,3,450);
INSERT INTO Servicedetails (BuchungsID,ServiceID,Anzahl,Preis) VALUES (13,3,6,300);
INSERT INTO Servicedetails (BuchungsID,ServiceID,Anzahl,Preis) VALUES (14,15,11,110);
INSERT INTO Servicedetails (BuchungsID,ServiceID,Anzahl,Preis) VALUES (16,8,6,180);
INSERT INTO Servicedetails (BuchungsID,ServiceID,Anzahl,Preis) VALUES (17,4,11,220);
INSERT INTO Servicedetails (BuchungsID,ServiceID,Anzahl,Preis) VALUES (18,12,4,200);
INSERT INTO Servicedetails (BuchungsID,ServiceID,Anzahl,Preis) VALUES (19,3,2,100);
INSERT INTO Servicedetails (BuchungsID,ServiceID,Anzahl,Preis) VALUES (20,8,1,30);
INSERT INTO Servicedetails (BuchungsID,ServiceID,Anzahl,Preis) VALUES (21,8,2,60);
INSERT INTO Servicedetails (BuchungsID,ServiceID,Anzahl,Preis) VALUES (22,4,1,20);


------------------------------
--  INSERT for Bestelldetails
------------------------------
INSERT INTO Bestelldetails (BestellungsID,WarenID,Anzahl,Preis) VALUES (301,3,10,20);
INSERT INTO Bestelldetails (BestellungsID,WarenID,Anzahl,Preis) VALUES (302,3,10,20);
INSERT INTO Bestelldetails (BestellungsID,WarenID,Anzahl,Preis) VALUES (303,13,100,100);
INSERT INTO Bestelldetails (BestellungsID,WarenID,Anzahl,Preis) VALUES (304,23,5,500);
INSERT INTO Bestelldetails (BestellungsID,WarenID,Anzahl,Preis) VALUES (305,8,4,120);
INSERT INTO Bestelldetails (BestellungsID,WarenID,Anzahl,Preis) VALUES (306,17,10,500);
INSERT INTO Bestelldetails (BestellungsID,WarenID,Anzahl,Preis) VALUES (307,11,250,250);
INSERT INTO Bestelldetails (BestellungsID,WarenID,Anzahl,Preis) VALUES (308,25,15,75);
INSERT INTO Bestelldetails (BestellungsID,WarenID,Anzahl,Preis) VALUES (309,5,17,340);


--------------------------------
--  INSERT for Kundenbewertung
--------------------------------
INSERT INTO Kundenbewertung (PersonID,Bewertungskommentar,BuchungsID,Bewertung) VALUES (11,'Komischer Geruch aber sonst super',2,4);
INSERT INTO Kundenbewertung (PersonID,Bewertungskommentar,BuchungsID,Bewertung) VALUES (24,'Genialer Service! Gerne wieder!',15,10);
INSERT INTO Kundenbewertung (PersonID,Bewertungskommentar,BuchungsID,Bewertung) VALUES (28,'Hat mir nicht gut gefallen',19,3);
INSERT INTO Kundenbewertung (PersonID,Bewertungskommentar,BuchungsID,Bewertung) VALUES (18,'War sehr enttaeuscht. Das Zimmer war nicht sauber.',9,2);
INSERT INTO Kundenbewertung (PersonID,Bewertungskommentar,BuchungsID,Bewertung) VALUES (30,'Faende den Preis teuer für das klein Einzelzimmer',21,4);	


commit;


--rollback;
